6;0; Note_on_c;41
6;0; Note_on_c;41
6;48; Note_off_c;41
6;48; Note_off_c;41
6;96; Note_on_c;44
6;96; Note_on_c;44
6;144; Note_off_c;44
6;144; Note_off_c;44
6;168; Note_on_c;41
6;168; Note_on_c;41
6;192; Note_off_c;41
6;192; Note_off_c;41
6;216; Note_on_c;41
6;216; Note_on_c;41
6;240; Note_off_c;41
6;240; Note_on_c;46
6;240; Note_off_c;41
6;240; Note_on_c;46
6;264; Note_off_c;46
6;264; Note_off_c;46
6;288; Note_on_c;41
6;288; Note_on_c;41
6;312; Note_off_c;41
6;312; Note_off_c;41
6;336; Note_on_c;39
6;336; Note_on_c;39
6;360; Note_off_c;39
6;360; Note_off_c;39
6;384; Note_on_c;41
6;384; Note_on_c;41
6;432; Note_off_c;41
6;432; Note_off_c;41
6;480; Note_on_c;48
6;480; Note_on_c;48
6;528; Note_off_c;48
6;528; Note_off_c;48
6;552; Note_on_c;41
6;552; Note_on_c;41
6;576; Note_off_c;41
6;576; Note_off_c;41
6;600; Note_on_c;41
6;600; Note_on_c;41
6;624; Note_off_c;41
6;624; Note_on_c;49
6;624; Note_off_c;41
6;624; Note_on_c;49
6;648; Note_off_c;49
6;648; Note_off_c;49
6;672; Note_on_c;48
6;672; Note_on_c;48
6;696; Note_off_c;48
6;696; Note_off_c;48
6;720; Note_on_c;44
6;720; Note_on_c;44
6;744; Note_off_c;44
6;744; Note_off_c;44
6;768; Note_on_c;41
6;768; Note_on_c;41
6;792; Note_off_c;41
6;792; Note_off_c;41
6;816; Note_on_c;48
6;816; Note_on_c;48
6;840; Note_off_c;48
6;840; Note_off_c;48
6;864; Note_on_c;53
6;864; Note_on_c;53
6;888; Note_off_c;53
6;888; Note_off_c;53
6;912; Note_on_c;41
6;912; Note_on_c;41
6;936; Note_off_c;41
6;936; Note_on_c;39
6;936; Note_off_c;41
6;936; Note_on_c;39
6;960; Note_off_c;39
6;960; Note_off_c;39
6;984; Note_on_c;39
6;984; Note_on_c;39
6;1008; Note_off_c;39
6;1008; Note_on_c;36
6;1008; Note_off_c;39
6;1008; Note_on_c;36
6;1032; Note_off_c;36
6;1032; Note_off_c;36
6;1056; Note_on_c;43
6;1056; Note_on_c;43
6;1080; Note_off_c;43
6;1080; Note_off_c;43
6;1104; Note_on_c;41
6;1104; Note_on_c;41
6;1224; Note_off_c;41
6;1224; Note_off_c;41
6;1536; Note_on_c;41
6;1536; Note_on_c;41
6;1584; Note_off_c;41
6;1584; Note_off_c;41
6;1632; Note_on_c;44
6;1632; Note_on_c;44
6;1680; Note_off_c;44
6;1680; Note_off_c;44
6;1704; Note_on_c;41
6;1704; Note_on_c;41
6;1728; Note_off_c;41
6;1728; Note_off_c;41
6;1752; Note_on_c;41
6;1752; Note_on_c;41
6;1776; Note_off_c;41
6;1776; Note_on_c;46
6;1776; Note_off_c;41
6;1776; Note_on_c;46
6;1800; Note_off_c;46
6;1800; Note_off_c;46
6;1824; Note_on_c;41
6;1824; Note_on_c;41
6;1848; Note_off_c;41
6;1848; Note_off_c;41
6;1872; Note_on_c;39
6;1872; Note_on_c;39
6;1896; Note_off_c;39
6;1896; Note_off_c;39
6;1920; Note_on_c;41
6;1920; Note_on_c;41
6;1968; Note_off_c;41
6;1968; Note_off_c;41
6;2016; Note_on_c;48
6;2016; Note_on_c;48
6;2064; Note_off_c;48
6;2064; Note_off_c;48
6;2088; Note_on_c;41
6;2088; Note_on_c;41
6;2112; Note_off_c;41
6;2112; Note_off_c;41
6;2136; Note_on_c;41
6;2136; Note_on_c;41
6;2160; Note_off_c;41
6;2160; Note_on_c;49
6;2160; Note_off_c;41
6;2160; Note_on_c;49
6;2184; Note_off_c;49
6;2184; Note_off_c;49
6;2208; Note_on_c;48
6;2208; Note_on_c;48
6;2232; Note_off_c;48
6;2232; Note_off_c;48
6;2256; Note_on_c;44
6;2256; Note_on_c;44
6;2280; Note_off_c;44
6;2280; Note_off_c;44
6;2304; Note_on_c;41
6;2304; Note_on_c;41
6;2328; Note_off_c;41
6;2328; Note_off_c;41
6;2352; Note_on_c;48
6;2352; Note_on_c;48
6;2376; Note_off_c;48
6;2376; Note_off_c;48
6;2400; Note_on_c;53
6;2400; Note_on_c;53
6;2424; Note_off_c;53
6;2424; Note_off_c;53
6;2448; Note_on_c;41
6;2448; Note_on_c;41
6;2472; Note_off_c;41
6;2472; Note_on_c;39
6;2472; Note_off_c;41
6;2472; Note_on_c;39
6;2496; Note_off_c;39
6;2496; Note_off_c;39
6;2520; Note_on_c;39
6;2520; Note_on_c;39
6;2544; Note_off_c;39
6;2544; Note_on_c;36
6;2544; Note_off_c;39
6;2544; Note_on_c;36
6;2568; Note_off_c;36
6;2568; Note_off_c;36
6;2592; Note_on_c;43
6;2592; Note_on_c;43
6;2616; Note_off_c;43
6;2616; Note_off_c;43
6;2640; Note_on_c;41
6;2640; Note_on_c;41
6;2760; Note_off_c;41
6;2760; Note_off_c;41
6;6144; Note_on_c;41
6;6144; Note_on_c;41
6;6192; Note_off_c;41
6;6192; Note_off_c;41
6;6240; Note_on_c;44
6;6240; Note_on_c;44
6;6288; Note_off_c;44
6;6288; Note_off_c;44
6;6312; Note_on_c;41
6;6312; Note_on_c;41
6;6336; Note_off_c;41
6;6336; Note_off_c;41
6;6360; Note_on_c;41
6;6360; Note_on_c;41
6;6384; Note_off_c;41
6;6384; Note_on_c;46
6;6384; Note_off_c;41
6;6384; Note_on_c;46
6;6408; Note_off_c;46
6;6408; Note_off_c;46
6;6432; Note_on_c;41
6;6432; Note_on_c;41
6;6456; Note_off_c;41
6;6456; Note_off_c;41
6;6480; Note_on_c;39
6;6480; Note_on_c;39
6;6504; Note_off_c;39
6;6504; Note_off_c;39
6;6528; Note_on_c;41
6;6528; Note_on_c;41
6;6576; Note_off_c;41
6;6576; Note_off_c;41
6;6624; Note_on_c;48
6;6624; Note_on_c;48
6;6672; Note_off_c;48
6;6672; Note_off_c;48
6;6696; Note_on_c;41
6;6696; Note_on_c;41
6;6720; Note_off_c;41
6;6720; Note_off_c;41
6;6744; Note_on_c;41
6;6744; Note_on_c;41
6;6768; Note_off_c;41
6;6768; Note_on_c;49
6;6768; Note_off_c;41
6;6768; Note_on_c;49
6;6792; Note_off_c;49
6;6792; Note_off_c;49
6;6816; Note_on_c;48
6;6816; Note_on_c;48
6;6840; Note_off_c;48
6;6840; Note_off_c;48
6;6864; Note_on_c;44
6;6864; Note_on_c;44
6;6888; Note_off_c;44
6;6888; Note_off_c;44
6;6912; Note_on_c;41
6;6912; Note_on_c;41
6;6936; Note_off_c;41
6;6936; Note_off_c;41
6;6960; Note_on_c;48
6;6960; Note_on_c;48
6;6984; Note_off_c;48
6;6984; Note_off_c;48
6;7008; Note_on_c;53
6;7008; Note_on_c;53
6;7032; Note_off_c;53
6;7032; Note_off_c;53
6;7056; Note_on_c;41
6;7056; Note_on_c;41
6;7080; Note_off_c;41
6;7080; Note_on_c;39
6;7080; Note_off_c;41
6;7080; Note_on_c;39
6;7104; Note_off_c;39
6;7104; Note_off_c;39
6;7128; Note_on_c;39
6;7128; Note_on_c;39
6;7152; Note_off_c;39
6;7152; Note_on_c;36
6;7152; Note_off_c;39
6;7152; Note_on_c;36
6;7176; Note_off_c;36
6;7176; Note_off_c;36
6;7200; Note_on_c;43
6;7200; Note_on_c;43
6;7224; Note_off_c;43
6;7224; Note_off_c;43
6;7248; Note_on_c;41
6;7248; Note_on_c;41
6;7368; Note_off_c;41
6;7368; Note_off_c;41
6;7680; Note_on_c;41
6;7680; Note_on_c;41
6;7728; Note_off_c;41
6;7728; Note_off_c;41
6;7776; Note_on_c;44
6;7776; Note_on_c;44
6;7824; Note_off_c;44
6;7824; Note_off_c;44
6;7848; Note_on_c;41
6;7848; Note_on_c;41
6;7872; Note_off_c;41
6;7872; Note_off_c;41
6;7896; Note_on_c;41
6;7896; Note_on_c;41
6;7920; Note_off_c;41
6;7920; Note_on_c;46
6;7920; Note_off_c;41
6;7920; Note_on_c;46
6;7944; Note_off_c;46
6;7944; Note_off_c;46
6;7968; Note_on_c;41
6;7968; Note_on_c;41
6;7992; Note_off_c;41
6;7992; Note_off_c;41
6;8016; Note_on_c;39
6;8016; Note_on_c;39
6;8040; Note_off_c;39
6;8040; Note_off_c;39
6;8064; Note_on_c;41
6;8064; Note_on_c;41
6;8112; Note_off_c;41
6;8112; Note_off_c;41
6;8160; Note_on_c;48
6;8160; Note_on_c;48
6;8208; Note_off_c;48
6;8208; Note_off_c;48
6;8232; Note_on_c;41
6;8232; Note_on_c;41
6;8256; Note_off_c;41
6;8256; Note_off_c;41
6;8280; Note_on_c;41
6;8280; Note_on_c;41
6;8304; Note_off_c;41
6;8304; Note_on_c;49
6;8304; Note_off_c;41
6;8304; Note_on_c;49
6;8328; Note_off_c;49
6;8328; Note_off_c;49
6;8352; Note_on_c;48
6;8352; Note_on_c;48
6;8376; Note_off_c;48
6;8376; Note_off_c;48
6;8400; Note_on_c;44
6;8400; Note_on_c;44
6;8424; Note_off_c;44
6;8424; Note_off_c;44
6;8448; Note_on_c;41
6;8448; Note_on_c;41
6;8472; Note_off_c;41
6;8472; Note_off_c;41
6;8496; Note_on_c;48
6;8496; Note_on_c;48
6;8520; Note_off_c;48
6;8520; Note_off_c;48
6;8544; Note_on_c;53
6;8544; Note_on_c;53
6;8568; Note_off_c;53
6;8568; Note_off_c;53
6;8592; Note_on_c;41
6;8592; Note_on_c;41
6;8616; Note_off_c;41
6;8616; Note_on_c;39
6;8616; Note_off_c;41
6;8616; Note_on_c;39
6;8640; Note_off_c;39
6;8640; Note_off_c;39
6;8664; Note_on_c;39
6;8664; Note_on_c;39
6;8688; Note_off_c;39
6;8688; Note_on_c;36
6;8688; Note_off_c;39
6;8688; Note_on_c;36
6;8712; Note_off_c;36
6;8712; Note_off_c;36
6;8736; Note_on_c;43
6;8736; Note_on_c;43
6;8760; Note_off_c;43
6;8760; Note_off_c;43
6;8784; Note_on_c;41
6;8784; Note_on_c;41
6;8904; Note_off_c;41
6;8904; Note_off_c;41
6;9264; Note_on_c;48
6;9264; Note_on_c;48
6;9288; Note_off_c;48
6;9288; Note_off_c;48
6;9312; Note_on_c;48
6;9312; Note_on_c;48
6;9336; Note_off_c;48
6;9336; Note_off_c;48
6;9360; Note_on_c;48
6;9360; Note_on_c;48
6;9384; Note_off_c;48
6;9384; Note_on_c;51
6;9384; Note_off_c;48
6;9384; Note_on_c;51
6;9408; Note_off_c;51
6;9408; Note_off_c;51
6;9432; Note_on_c;51
6;9432; Note_on_c;51
6;9456; Note_off_c;51
6;9456; Note_off_c;51
6;9480; Note_on_c;51
6;9480; Note_on_c;51
6;9504; Note_off_c;51
6;9504; Note_on_c;50
6;9504; Note_off_c;51
6;9504; Note_on_c;50
6;9528; Note_off_c;50
6;9528; Note_off_c;50
6;9552; Note_on_c;50
6;9552; Note_on_c;50
6;9576; Note_off_c;50
6;9576; Note_off_c;50
6;9648; Note_on_c;48
6;9648; Note_on_c;48
6;9672; Note_off_c;48
6;9672; Note_off_c;48
6;9696; Note_on_c;48
6;9696; Note_on_c;48
6;9720; Note_off_c;48
6;9720; Note_off_c;48
6;9744; Note_on_c;48
6;9744; Note_on_c;48
6;9768; Note_off_c;48
6;9768; Note_on_c;51
6;9768; Note_off_c;48
6;9768; Note_on_c;51
6;9792; Note_off_c;51
6;9792; Note_off_c;51
6;9816; Note_on_c;51
6;9816; Note_on_c;51
6;9840; Note_off_c;51
6;9840; Note_on_c;50
6;9840; Note_off_c;51
6;9840; Note_on_c;50
6;9864; Note_off_c;50
6;9864; Note_off_c;50
6;9888; Note_on_c;48
6;9888; Note_on_c;48
6;9936; Note_off_c;48
6;9936; Note_off_c;48
6;10032; Note_on_c;44
6;10032; Note_on_c;44
6;10056; Note_off_c;44
6;10056; Note_off_c;44
6;10080; Note_on_c;44
6;10080; Note_on_c;44
6;10104; Note_off_c;44
6;10104; Note_off_c;44
6;10128; Note_on_c;44
6;10128; Note_on_c;44
6;10152; Note_off_c;44
6;10152; Note_off_c;44
6;10176; Note_on_c;44
6;10176; Note_on_c;44
6;10200; Note_off_c;44
6;10200; Note_on_c;46
6;10200; Note_off_c;44
6;10200; Note_on_c;46
6;10224; Note_off_c;46
6;10224; Note_off_c;46
6;10248; Note_on_c;46
6;10248; Note_on_c;46
6;10272; Note_off_c;46
6;10272; Note_off_c;46
6;10296; Note_on_c;46
6;10296; Note_on_c;46
6;10320; Note_off_c;46
6;10320; Note_off_c;46
6;10344; Note_on_c;46
6;10344; Note_on_c;46
6;10368; Note_off_c;46
6;10368; Note_on_c;46
6;10368; Note_off_c;46
6;10368; Note_on_c;46
6;10392; Note_off_c;46
6;10392; Note_off_c;46
6;10416; Note_on_c;48
6;10416; Note_on_c;48
6;10440; Note_off_c;48
6;10440; Note_off_c;48
6;10464; Note_on_c;48
6;10464; Note_on_c;48
6;10488; Note_off_c;48
6;10488; Note_off_c;48
6;10512; Note_on_c;48
6;10512; Note_on_c;48
6;10536; Note_off_c;48
6;10536; Note_off_c;48
6;10560; Note_on_c;46
6;10560; Note_on_c;46
6;10584; Note_off_c;46
6;10584; Note_on_c;48
6;10584; Note_off_c;46
6;10584; Note_on_c;48
6;10608; Note_off_c;48
6;10608; Note_off_c;48
6;10632; Note_on_c;48
6;10632; Note_on_c;48
6;10680; Note_off_c;48
6;10680; Note_off_c;48
6;10800; Note_on_c;48
6;10800; Note_on_c;48
6;10824; Note_off_c;48
6;10824; Note_off_c;48
6;10848; Note_on_c;48
6;10848; Note_on_c;48
6;10872; Note_off_c;48
6;10872; Note_off_c;48
6;10896; Note_on_c;48
6;10896; Note_on_c;48
6;10920; Note_off_c;48
6;10920; Note_on_c;51
6;10920; Note_off_c;48
6;10920; Note_on_c;51
6;10944; Note_off_c;51
6;10944; Note_off_c;51
6;10968; Note_on_c;51
6;10968; Note_on_c;51
6;10992; Note_off_c;51
6;10992; Note_off_c;51
6;11016; Note_on_c;51
6;11016; Note_on_c;51
6;11040; Note_off_c;51
6;11040; Note_on_c;50
6;11040; Note_off_c;51
6;11040; Note_on_c;50
6;11064; Note_off_c;50
6;11064; Note_off_c;50
6;11088; Note_on_c;50
6;11088; Note_on_c;50
6;11112; Note_off_c;50
6;11112; Note_off_c;50
6;11184; Note_on_c;48
6;11184; Note_on_c;48
6;11208; Note_off_c;48
6;11208; Note_off_c;48
6;11232; Note_on_c;48
6;11232; Note_on_c;48
6;11256; Note_off_c;48
6;11256; Note_off_c;48
6;11280; Note_on_c;48
6;11280; Note_on_c;48
6;11304; Note_off_c;48
6;11304; Note_on_c;51
6;11304; Note_off_c;48
6;11304; Note_on_c;51
6;11328; Note_off_c;51
6;11328; Note_off_c;51
6;11352; Note_on_c;51
6;11352; Note_on_c;51
6;11376; Note_off_c;51
6;11376; Note_on_c;50
6;11376; Note_off_c;51
6;11376; Note_on_c;50
6;11400; Note_off_c;50
6;11400; Note_off_c;50
6;11424; Note_on_c;48
6;11424; Note_on_c;48
6;11472; Note_off_c;48
6;11472; Note_off_c;48
6;11568; Note_on_c;44
6;11568; Note_on_c;44
6;11592; Note_off_c;44
6;11592; Note_off_c;44
6;11616; Note_on_c;44
6;11616; Note_on_c;44
6;11640; Note_off_c;44
6;11640; Note_off_c;44
6;11664; Note_on_c;44
6;11664; Note_on_c;44
6;11688; Note_off_c;44
6;11688; Note_off_c;44
6;11712; Note_on_c;44
6;11712; Note_on_c;44
6;11736; Note_off_c;44
6;11736; Note_on_c;46
6;11736; Note_off_c;44
6;11736; Note_on_c;46
6;11760; Note_off_c;46
6;11760; Note_off_c;46
6;11784; Note_on_c;46
6;11784; Note_on_c;46
6;11808; Note_off_c;46
6;11808; Note_off_c;46
6;11832; Note_on_c;46
6;11832; Note_on_c;46
6;11856; Note_off_c;46
6;11856; Note_off_c;46
6;11880; Note_on_c;46
6;11880; Note_on_c;46
6;11904; Note_off_c;46
6;11904; Note_on_c;46
6;11904; Note_off_c;46
6;11904; Note_on_c;46
6;11928; Note_off_c;46
6;11928; Note_off_c;46
6;11952; Note_on_c;48
6;11952; Note_on_c;48
6;11976; Note_off_c;48
6;11976; Note_off_c;48
6;12000; Note_on_c;48
6;12000; Note_on_c;48
6;12024; Note_off_c;48
6;12024; Note_off_c;48
6;12048; Note_on_c;48
6;12048; Note_on_c;48
6;12072; Note_off_c;48
6;12072; Note_off_c;48
6;12096; Note_on_c;46
6;12096; Note_on_c;46
6;12120; Note_off_c;46
6;12120; Note_on_c;48
6;12120; Note_off_c;46
6;12120; Note_on_c;48
6;12144; Note_off_c;48
6;12144; Note_off_c;48
6;12168; Note_on_c;48
6;12168; Note_on_c;48
6;12216; Note_off_c;48
6;12216; Note_off_c;48
6;12288; Note_on_c;41
6;12288; Note_on_c;41
6;12672; Note_off_c;41
6;12672; Note_off_c;41
6;14976; Note_on_c;53
6;14976; Note_on_c;53
6;15072; Note_off_c;53
6;15072; Note_off_c;53
6;15144; Note_on_c;51
6;15144; Note_on_c;51
6;15264; Note_off_c;51
6;15264; Note_off_c;51
6;15360; Note_on_c;48
6;15360; Note_on_c;48
6;15456; Note_off_c;48
6;15456; Note_off_c;48
6;15528; Note_on_c;46
6;15528; Note_on_c;46
6;15624; Note_off_c;46
6;15624; Note_off_c;46
6;15720; Note_on_c;48
6;15720; Note_on_c;48
6;15723; Note_on_c;46
6;15723; Note_on_c;46
6;15744; Note_off_c;48
6;15744; Note_off_c;46
6;15744; Note_on_c;41
6;15744; Note_off_c;48
6;15744; Note_off_c;46
6;15744; Note_on_c;41
6;15936; Note_off_c;41
6;15936; Note_off_c;41
6;16512; Note_on_c;41
6;16512; Note_on_c;41
6;16560; Note_off_c;41
6;16560; Note_off_c;41
6;16608; Note_on_c;44
6;16608; Note_on_c;44
6;16656; Note_off_c;44
6;16656; Note_off_c;44
6;16680; Note_on_c;41
6;16680; Note_on_c;41
6;16704; Note_off_c;41
6;16704; Note_off_c;41
6;16728; Note_on_c;41
6;16728; Note_on_c;41
6;16752; Note_off_c;41
6;16752; Note_on_c;46
6;16752; Note_off_c;41
6;16752; Note_on_c;46
6;16776; Note_off_c;46
6;16776; Note_off_c;46
6;16800; Note_on_c;41
6;16800; Note_on_c;41
6;16824; Note_off_c;41
6;16824; Note_off_c;41
6;16848; Note_on_c;39
6;16848; Note_on_c;39
6;16872; Note_off_c;39
6;16872; Note_off_c;39
6;16896; Note_on_c;41
6;16896; Note_on_c;41
6;16944; Note_off_c;41
6;16944; Note_off_c;41
6;16992; Note_on_c;48
6;16992; Note_on_c;48
6;17040; Note_off_c;48
6;17040; Note_off_c;48
6;17064; Note_on_c;41
6;17064; Note_on_c;41
6;17088; Note_off_c;41
6;17088; Note_off_c;41
6;17112; Note_on_c;41
6;17112; Note_on_c;41
6;17136; Note_off_c;41
6;17136; Note_on_c;49
6;17136; Note_off_c;41
6;17136; Note_on_c;49
6;17160; Note_off_c;49
6;17160; Note_off_c;49
6;17184; Note_on_c;48
6;17184; Note_on_c;48
6;17208; Note_off_c;48
6;17208; Note_off_c;48
6;17232; Note_on_c;44
6;17232; Note_on_c;44
6;17256; Note_off_c;44
6;17256; Note_off_c;44
6;17280; Note_on_c;41
6;17280; Note_on_c;41
6;17304; Note_off_c;41
6;17304; Note_off_c;41
6;17328; Note_on_c;48
6;17328; Note_on_c;48
6;17352; Note_off_c;48
6;17352; Note_off_c;48
6;17376; Note_on_c;53
6;17376; Note_on_c;53
6;17400; Note_off_c;53
6;17400; Note_off_c;53
6;17424; Note_on_c;41
6;17424; Note_on_c;41
6;17448; Note_off_c;41
6;17448; Note_on_c;39
6;17448; Note_off_c;41
6;17448; Note_on_c;39
6;17472; Note_off_c;39
6;17472; Note_off_c;39
6;17496; Note_on_c;39
6;17496; Note_on_c;39
6;17520; Note_off_c;39
6;17520; Note_on_c;36
6;17520; Note_off_c;39
6;17520; Note_on_c;36
6;17544; Note_off_c;36
6;17544; Note_off_c;36
6;17568; Note_on_c;43
6;17568; Note_on_c;43
6;17592; Note_off_c;43
6;17592; Note_off_c;43
6;17616; Note_on_c;41
6;17616; Note_on_c;41
6;17736; Note_off_c;41
6;17736; Note_off_c;41
6;18048; Note_on_c;41
6;18048; Note_on_c;41
6;18096; Note_off_c;41
6;18096; Note_off_c;41
6;18144; Note_on_c;44
6;18144; Note_on_c;44
6;18192; Note_off_c;44
6;18192; Note_off_c;44
6;18216; Note_on_c;41
6;18216; Note_on_c;41
6;18240; Note_off_c;41
6;18240; Note_off_c;41
6;18264; Note_on_c;41
6;18264; Note_on_c;41
6;18288; Note_off_c;41
6;18288; Note_on_c;46
6;18288; Note_off_c;41
6;18288; Note_on_c;46
6;18312; Note_off_c;46
6;18312; Note_off_c;46
6;18336; Note_on_c;41
6;18336; Note_on_c;41
6;18360; Note_off_c;41
6;18360; Note_off_c;41
6;18384; Note_on_c;39
6;18384; Note_on_c;39
6;18408; Note_off_c;39
6;18408; Note_off_c;39
6;18432; Note_on_c;41
6;18432; Note_on_c;41
6;18480; Note_off_c;41
6;18480; Note_off_c;41
6;18528; Note_on_c;48
6;18528; Note_on_c;48
6;18576; Note_off_c;48
6;18576; Note_off_c;48
6;18600; Note_on_c;41
6;18600; Note_on_c;41
6;18624; Note_off_c;41
6;18624; Note_off_c;41
6;18648; Note_on_c;41
6;18648; Note_on_c;41
6;18672; Note_off_c;41
6;18672; Note_on_c;49
6;18672; Note_off_c;41
6;18672; Note_on_c;49
6;18696; Note_off_c;49
6;18696; Note_off_c;49
6;18720; Note_on_c;48
6;18720; Note_on_c;48
6;18744; Note_off_c;48
6;18744; Note_off_c;48
6;18768; Note_on_c;44
6;18768; Note_on_c;44
6;18792; Note_off_c;44
6;18792; Note_off_c;44
6;18816; Note_on_c;41
6;18816; Note_on_c;41
6;18840; Note_off_c;41
6;18840; Note_off_c;41
6;18864; Note_on_c;48
6;18864; Note_on_c;48
6;18888; Note_off_c;48
6;18888; Note_off_c;48
6;18912; Note_on_c;53
6;18912; Note_on_c;53
6;18936; Note_off_c;53
6;18936; Note_off_c;53
6;18960; Note_on_c;41
6;18960; Note_on_c;41
6;18984; Note_off_c;41
6;18984; Note_on_c;39
6;18984; Note_off_c;41
6;18984; Note_on_c;39
6;19008; Note_off_c;39
6;19008; Note_off_c;39
6;19032; Note_on_c;39
6;19032; Note_on_c;39
6;19056; Note_off_c;39
6;19056; Note_on_c;36
6;19056; Note_off_c;39
6;19056; Note_on_c;36
6;19080; Note_off_c;36
6;19080; Note_off_c;36
6;19104; Note_on_c;43
6;19104; Note_on_c;43
6;19128; Note_off_c;43
6;19128; Note_off_c;43
6;19152; Note_on_c;41
6;19152; Note_on_c;41
6;19272; Note_off_c;41
6;19272; Note_off_c;41
6;19584; Note_on_c;44
6;19584; Note_on_c;44
6;19632; Note_off_c;44
6;19632; Note_off_c;44
6;19680; Note_on_c;39
6;19680; Note_on_c;39
6;19704; Note_off_c;39
6;19704; Note_off_c;39
6;19728; Note_on_c;44
6;19728; Note_on_c;44
6;19776; Note_off_c;44
6;19776; Note_off_c;44
6;19824; Note_on_c;39
6;19824; Note_on_c;39
6;19848; Note_off_c;39
6;19848; Note_off_c;39
6;19872; Note_on_c;44
6;19872; Note_on_c;44
6;19896; Note_off_c;44
6;19896; Note_off_c;44
6;19920; Note_on_c;39
6;19920; Note_on_c;39
6;19944; Note_off_c;39
6;19944; Note_off_c;39
6;19968; Note_on_c;44
6;19968; Note_on_c;44
6;20016; Note_off_c;44
6;20016; Note_off_c;44
6;20064; Note_on_c;39
6;20064; Note_on_c;39
6;20088; Note_off_c;39
6;20088; Note_off_c;39
6;20112; Note_on_c;44
6;20112; Note_on_c;44
6;20160; Note_off_c;44
6;20160; Note_off_c;44
6;20208; Note_on_c;39
6;20208; Note_on_c;39
6;20232; Note_off_c;39
6;20232; Note_off_c;39
6;20256; Note_on_c;44
6;20256; Note_on_c;44
6;20280; Note_off_c;44
6;20280; Note_off_c;44
6;20304; Note_on_c;39
6;20304; Note_on_c;39
6;20328; Note_off_c;39
6;20328; Note_off_c;39
6;20352; Note_on_c;44
6;20352; Note_on_c;44
6;20400; Note_off_c;44
6;20400; Note_off_c;44
6;20448; Note_on_c;39
6;20448; Note_on_c;39
6;20472; Note_off_c;39
6;20472; Note_off_c;39
6;20496; Note_on_c;44
6;20496; Note_on_c;44
6;20544; Note_off_c;44
6;20544; Note_off_c;44
6;20592; Note_on_c;39
6;20592; Note_on_c;39
6;20616; Note_off_c;39
6;20616; Note_off_c;39
6;20640; Note_on_c;44
6;20640; Note_on_c;44
6;20664; Note_off_c;44
6;20664; Note_off_c;44
6;20688; Note_on_c;39
6;20688; Note_on_c;39
6;20712; Note_off_c;39
6;20712; Note_off_c;39
6;20736; Note_on_c;44
6;20736; Note_on_c;44
6;20784; Note_off_c;44
6;20784; Note_off_c;44
6;20832; Note_on_c;39
6;20832; Note_on_c;39
6;20856; Note_off_c;39
6;20856; Note_off_c;39
6;20880; Note_on_c;44
6;20880; Note_on_c;44
6;20928; Note_off_c;44
6;20928; Note_off_c;44
6;20976; Note_on_c;39
6;20976; Note_on_c;39
6;21000; Note_off_c;39
6;21000; Note_off_c;39
6;21024; Note_on_c;44
6;21024; Note_on_c;44
6;21048; Note_off_c;44
6;21048; Note_off_c;44
6;21072; Note_on_c;39
6;21072; Note_on_c;39
6;21096; Note_off_c;39
6;21096; Note_off_c;39
6;21120; Note_on_c;44
6;21120; Note_on_c;44
6;21168; Note_off_c;44
6;21168; Note_off_c;44
6;21216; Note_on_c;39
6;21216; Note_on_c;39
6;21240; Note_off_c;39
6;21240; Note_off_c;39
6;21264; Note_on_c;44
6;21264; Note_on_c;44
6;21312; Note_off_c;44
6;21312; Note_off_c;44
6;21360; Note_on_c;39
6;21360; Note_on_c;39
6;21384; Note_off_c;39
6;21384; Note_off_c;39
6;21408; Note_on_c;44
6;21408; Note_on_c;44
6;21432; Note_off_c;44
6;21432; Note_off_c;44
6;21456; Note_on_c;39
6;21456; Note_on_c;39
6;21480; Note_off_c;39
6;21480; Note_off_c;39
6;21504; Note_on_c;44
6;21504; Note_on_c;44
6;21552; Note_off_c;44
6;21552; Note_off_c;44
6;21600; Note_on_c;39
6;21600; Note_on_c;39
6;21624; Note_off_c;39
6;21624; Note_off_c;39
6;21648; Note_on_c;44
6;21648; Note_on_c;44
6;21696; Note_off_c;44
6;21696; Note_off_c;44
6;21744; Note_on_c;39
6;21744; Note_on_c;39
6;21768; Note_off_c;39
6;21768; Note_off_c;39
6;21792; Note_on_c;44
6;21792; Note_on_c;44
6;21816; Note_off_c;44
6;21816; Note_off_c;44
6;21840; Note_on_c;39
6;21840; Note_on_c;39
6;21864; Note_off_c;39
6;21864; Note_off_c;39
6;21888; Note_on_c;44
6;21888; Note_on_c;44
6;21936; Note_off_c;44
6;21936; Note_off_c;44
6;21984; Note_on_c;39
6;21984; Note_on_c;39
6;22008; Note_off_c;39
6;22008; Note_off_c;39
6;22032; Note_on_c;44
6;22032; Note_on_c;44
6;22080; Note_off_c;44
6;22080; Note_off_c;44
6;22128; Note_on_c;39
6;22128; Note_on_c;39
6;22152; Note_off_c;39
6;22152; Note_off_c;39
6;22176; Note_on_c;44
6;22176; Note_on_c;44
6;22200; Note_off_c;44
6;22200; Note_off_c;44
6;22224; Note_on_c;39
6;22224; Note_on_c;39
6;22248; Note_off_c;39
6;22248; Note_off_c;39
6;22272; Note_on_c;44
6;22272; Note_on_c;44
6;22320; Note_off_c;44
6;22320; Note_off_c;44
6;22368; Note_on_c;39
6;22368; Note_on_c;39
6;22392; Note_off_c;39
6;22392; Note_off_c;39
6;22416; Note_on_c;44
6;22416; Note_on_c;44
6;22464; Note_off_c;44
6;22464; Note_off_c;44
6;22512; Note_on_c;39
6;22512; Note_on_c;39
6;22536; Note_off_c;39
6;22536; Note_off_c;39
6;22560; Note_on_c;44
6;22560; Note_on_c;44
6;22584; Note_off_c;44
6;22584; Note_off_c;44
6;22608; Note_on_c;39
6;22608; Note_on_c;39
6;22632; Note_off_c;39
6;22632; Note_off_c;39
6;22656; Note_on_c;51
6;22656; Note_on_c;51
6;22680; Note_off_c;51
6;22680; Note_on_c;48
6;22680; Note_off_c;51
6;22680; Note_on_c;48
6;22704; Note_off_c;48
6;22704; Note_on_c;46
6;22704; Note_off_c;48
6;22704; Note_on_c;46
6;22728; Note_off_c;46
6;22728; Note_on_c;44
6;22728; Note_off_c;46
6;22728; Note_on_c;44
6;22752; Note_off_c;44
6;22752; Note_off_c;44
6;22776; Note_on_c;46
6;22776; Note_on_c;46
6;22800; Note_off_c;46
6;22800; Note_off_c;46
6;22824; Note_on_c;48
6;22824; Note_on_c;48
6;22848; Note_off_c;48
6;22848; Note_on_c;51
6;22848; Note_off_c;48
6;22848; Note_on_c;51
6;22872; Note_off_c;51
6;22872; Note_off_c;51
6;22896; Note_on_c;48
6;22896; Note_on_c;48
6;22920; Note_off_c;48
6;22920; Note_off_c;48
6;22944; Note_on_c;46
6;22944; Note_on_c;46
6;22968; Note_off_c;46
6;22968; Note_off_c;46
6;22992; Note_on_c;44
6;22992; Note_on_c;44
6;23016; Note_off_c;44
6;23016; Note_off_c;44
6;23040; Note_on_c;51
6;23040; Note_on_c;51
6;23064; Note_off_c;51
6;23064; Note_on_c;48
6;23064; Note_off_c;51
6;23064; Note_on_c;48
6;23088; Note_off_c;48
6;23088; Note_on_c;46
6;23088; Note_off_c;48
6;23088; Note_on_c;46
6;23112; Note_off_c;46
6;23112; Note_on_c;44
6;23112; Note_off_c;46
6;23112; Note_on_c;44
6;23136; Note_off_c;44
6;23136; Note_off_c;44
6;23160; Note_on_c;46
6;23160; Note_on_c;46
6;23184; Note_off_c;46
6;23184; Note_off_c;46
6;23208; Note_on_c;48
6;23208; Note_on_c;48
6;23232; Note_off_c;48
6;23232; Note_on_c;51
6;23232; Note_off_c;48
6;23232; Note_on_c;51
6;23256; Note_off_c;51
6;23256; Note_off_c;51
6;23280; Note_on_c;48
6;23280; Note_on_c;48
6;23304; Note_off_c;48
6;23304; Note_off_c;48
6;23328; Note_on_c;46
6;23328; Note_on_c;46
6;23352; Note_off_c;46
6;23352; Note_off_c;46
6;23376; Note_on_c;44
6;23376; Note_on_c;44
6;23400; Note_off_c;44
6;23400; Note_off_c;44
6;23424; Note_on_c;51
6;23424; Note_on_c;51
6;23448; Note_off_c;51
6;23448; Note_on_c;49
6;23448; Note_off_c;51
6;23448; Note_on_c;49
6;23472; Note_off_c;49
6;23472; Note_on_c;46
6;23472; Note_off_c;49
6;23472; Note_on_c;46
6;23496; Note_off_c;46
6;23496; Note_on_c;44
6;23496; Note_off_c;46
6;23496; Note_on_c;44
6;23520; Note_off_c;44
6;23520; Note_off_c;44
6;23544; Note_on_c;46
6;23544; Note_on_c;46
6;23568; Note_off_c;46
6;23568; Note_off_c;46
6;23592; Note_on_c;49
6;23592; Note_on_c;49
6;23616; Note_off_c;49
6;23616; Note_on_c;51
6;23616; Note_off_c;49
6;23616; Note_on_c;51
6;23640; Note_off_c;51
6;23640; Note_off_c;51
6;23664; Note_on_c;49
6;23664; Note_on_c;49
6;23688; Note_off_c;49
6;23688; Note_off_c;49
6;23712; Note_on_c;46
6;23712; Note_on_c;46
6;23736; Note_off_c;46
6;23736; Note_off_c;46
6;23760; Note_on_c;44
6;23760; Note_on_c;44
6;23784; Note_off_c;44
6;23784; Note_off_c;44
6;23808; Note_on_c;51
6;23808; Note_on_c;51
6;23832; Note_off_c;51
6;23832; Note_on_c;49
6;23832; Note_off_c;51
6;23832; Note_on_c;49
6;23856; Note_off_c;49
6;23856; Note_on_c;46
6;23856; Note_off_c;49
6;23856; Note_on_c;46
6;23880; Note_off_c;46
6;23880; Note_on_c;44
6;23880; Note_off_c;46
6;23880; Note_on_c;44
6;23904; Note_off_c;44
6;23904; Note_off_c;44
6;23928; Note_on_c;46
6;23928; Note_on_c;46
6;23952; Note_off_c;46
6;23952; Note_off_c;46
6;23976; Note_on_c;49
6;23976; Note_on_c;49
6;24000; Note_off_c;49
6;24000; Note_on_c;51
6;24000; Note_off_c;49
6;24000; Note_on_c;51
6;24024; Note_off_c;51
6;24024; Note_off_c;51
6;24048; Note_on_c;49
6;24048; Note_on_c;49
6;24072; Note_off_c;49
6;24072; Note_off_c;49
6;24096; Note_on_c;46
6;24096; Note_on_c;46
6;24120; Note_off_c;46
6;24120; Note_off_c;46
6;24144; Note_on_c;44
6;24144; Note_on_c;44
6;24168; Note_off_c;44
6;24168; Note_off_c;44
6;24192; Note_on_c;51
6;24192; Note_on_c;51
6;24216; Note_off_c;51
6;24216; Note_on_c;48
6;24216; Note_off_c;51
6;24216; Note_on_c;48
6;24240; Note_off_c;48
6;24240; Note_on_c;46
6;24240; Note_off_c;48
6;24240; Note_on_c;46
6;24264; Note_off_c;46
6;24264; Note_on_c;44
6;24264; Note_off_c;46
6;24264; Note_on_c;44
6;24288; Note_off_c;44
6;24288; Note_off_c;44
6;24312; Note_on_c;46
6;24312; Note_on_c;46
6;24336; Note_off_c;46
6;24336; Note_off_c;46
6;24360; Note_on_c;48
6;24360; Note_on_c;48
6;24384; Note_off_c;48
6;24384; Note_on_c;51
6;24384; Note_off_c;48
6;24384; Note_on_c;51
6;24408; Note_off_c;51
6;24408; Note_on_c;51
6;24408; Note_off_c;51
6;24408; Note_on_c;51
6;24432; Note_off_c;51
6;24432; Note_on_c;48
6;24432; Note_off_c;51
6;24432; Note_on_c;48
6;24456; Note_off_c;48
6;24456; Note_off_c;48
6;24480; Note_on_c;46
6;24480; Note_on_c;46
6;24504; Note_off_c;46
6;24504; Note_off_c;46
6;24528; Note_on_c;44
6;24528; Note_on_c;44
6;24552; Note_off_c;44
6;24552; Note_off_c;44
6;24576; Note_on_c;51
6;24576; Note_on_c;51
6;24600; Note_off_c;51
6;24600; Note_on_c;48
6;24600; Note_off_c;51
6;24600; Note_on_c;48
6;24624; Note_off_c;48
6;24624; Note_on_c;46
6;24624; Note_off_c;48
6;24624; Note_on_c;46
6;24648; Note_off_c;46
6;24648; Note_on_c;44
6;24648; Note_off_c;46
6;24648; Note_on_c;44
6;24672; Note_off_c;44
6;24672; Note_off_c;44
6;24696; Note_on_c;46
6;24696; Note_on_c;46
6;24720; Note_off_c;46
6;24720; Note_off_c;46
6;24744; Note_on_c;48
6;24744; Note_on_c;48
6;24768; Note_off_c;48
6;24768; Note_on_c;51
6;24768; Note_off_c;48
6;24768; Note_on_c;51
6;24792; Note_off_c;51
6;24792; Note_on_c;51
6;24792; Note_off_c;51
6;24792; Note_on_c;51
6;24816; Note_off_c;51
6;24816; Note_on_c;48
6;24816; Note_off_c;51
6;24816; Note_on_c;48
6;24840; Note_off_c;48
6;24840; Note_off_c;48
6;24864; Note_on_c;46
6;24864; Note_on_c;46
6;24888; Note_off_c;46
6;24888; Note_off_c;46
6;24912; Note_on_c;44
6;24912; Note_on_c;44
6;24936; Note_off_c;44
6;24936; Note_off_c;44
6;24960; Note_on_c;51
6;24960; Note_on_c;51
6;24984; Note_off_c;51
6;24984; Note_on_c;49
6;24984; Note_off_c;51
6;24984; Note_on_c;49
6;25008; Note_off_c;49
6;25008; Note_on_c;46
6;25008; Note_off_c;49
6;25008; Note_on_c;46
6;25032; Note_off_c;46
6;25032; Note_on_c;44
6;25032; Note_off_c;46
6;25032; Note_on_c;44
6;25056; Note_off_c;44
6;25056; Note_off_c;44
6;25080; Note_on_c;46
6;25080; Note_on_c;46
6;25104; Note_off_c;46
6;25104; Note_off_c;46
6;25128; Note_on_c;49
6;25128; Note_on_c;49
6;25152; Note_off_c;49
6;25152; Note_on_c;51
6;25152; Note_off_c;49
6;25152; Note_on_c;51
6;25176; Note_off_c;51
6;25176; Note_on_c;51
6;25176; Note_off_c;51
6;25176; Note_on_c;51
6;25200; Note_off_c;51
6;25200; Note_on_c;49
6;25200; Note_off_c;51
6;25200; Note_on_c;49
6;25224; Note_off_c;49
6;25224; Note_off_c;49
6;25248; Note_on_c;46
6;25248; Note_on_c;46
6;25272; Note_off_c;46
6;25272; Note_off_c;46
6;25296; Note_on_c;44
6;25296; Note_on_c;44
6;25320; Note_off_c;44
6;25320; Note_off_c;44
6;25344; Note_on_c;51
6;25344; Note_on_c;51
6;25368; Note_off_c;51
6;25368; Note_on_c;49
6;25368; Note_off_c;51
6;25368; Note_on_c;49
6;25392; Note_off_c;49
6;25392; Note_on_c;46
6;25392; Note_off_c;49
6;25392; Note_on_c;46
6;25416; Note_off_c;46
6;25416; Note_on_c;44
6;25416; Note_off_c;46
6;25416; Note_on_c;44
6;25440; Note_off_c;44
6;25440; Note_off_c;44
6;25464; Note_on_c;46
6;25464; Note_on_c;46
6;25488; Note_off_c;46
6;25488; Note_off_c;46
6;25512; Note_on_c;49
6;25512; Note_on_c;49
6;25536; Note_off_c;49
6;25536; Note_on_c;51
6;25536; Note_off_c;49
6;25536; Note_on_c;51
6;25560; Note_off_c;51
6;25560; Note_on_c;51
6;25560; Note_off_c;51
6;25560; Note_on_c;51
6;25584; Note_off_c;51
6;25584; Note_on_c;49
6;25584; Note_off_c;51
6;25584; Note_on_c;49
6;25608; Note_off_c;49
6;25608; Note_off_c;49
6;25632; Note_on_c;46
6;25632; Note_on_c;46
6;25656; Note_off_c;46
6;25656; Note_off_c;46
6;25680; Note_on_c;44
6;25680; Note_on_c;44
6;25704; Note_off_c;44
6;25704; Note_off_c;44
6;25728; Note_on_c;51
6;25728; Note_on_c;51
6;25752; Note_off_c;51
6;25752; Note_on_c;49
6;25752; Note_off_c;51
6;25752; Note_on_c;49
6;25776; Note_off_c;49
6;25776; Note_on_c;46
6;25776; Note_off_c;49
6;25776; Note_on_c;46
6;25800; Note_off_c;46
6;25800; Note_on_c;44
6;25800; Note_off_c;46
6;25800; Note_on_c;44
6;25824; Note_off_c;44
6;25824; Note_off_c;44
6;25848; Note_on_c;46
6;25848; Note_on_c;46
6;25872; Note_off_c;46
6;25872; Note_off_c;46
6;25896; Note_on_c;49
6;25896; Note_on_c;49
6;25920; Note_off_c;49
6;25920; Note_on_c;51
6;25920; Note_off_c;49
6;25920; Note_on_c;51
6;25944; Note_off_c;51
6;25944; Note_on_c;51
6;25944; Note_off_c;51
6;25944; Note_on_c;51
6;25968; Note_off_c;51
6;25968; Note_on_c;49
6;25968; Note_off_c;51
6;25968; Note_on_c;49
6;25992; Note_off_c;49
6;25992; Note_off_c;49
6;26016; Note_on_c;46
6;26016; Note_on_c;46
6;26040; Note_off_c;46
6;26040; Note_off_c;46
6;26064; Note_on_c;44
6;26064; Note_on_c;44
6;26088; Note_off_c;44
6;26088; Note_off_c;44
6;26112; Note_on_c;51
6;26112; Note_on_c;51
6;26136; Note_off_c;51
6;26136; Note_on_c;49
6;26136; Note_off_c;51
6;26136; Note_on_c;49
6;26160; Note_off_c;49
6;26160; Note_on_c;46
6;26160; Note_off_c;49
6;26160; Note_on_c;46
6;26184; Note_off_c;46
6;26184; Note_on_c;44
6;26184; Note_off_c;46
6;26184; Note_on_c;44
6;26208; Note_off_c;44
6;26208; Note_off_c;44
6;26232; Note_on_c;46
6;26232; Note_on_c;46
6;26256; Note_off_c;46
6;26256; Note_off_c;46
6;26280; Note_on_c;49
6;26280; Note_on_c;49
6;26304; Note_off_c;49
6;26304; Note_on_c;51
6;26304; Note_off_c;49
6;26304; Note_on_c;51
6;26328; Note_off_c;51
6;26328; Note_on_c;51
6;26328; Note_off_c;51
6;26328; Note_on_c;51
6;26352; Note_off_c;51
6;26352; Note_on_c;49
6;26352; Note_off_c;51
6;26352; Note_on_c;49
6;26376; Note_off_c;49
6;26376; Note_off_c;49
6;26400; Note_on_c;46
6;26400; Note_on_c;46
6;26448; Note_off_c;46
6;26448; Note_off_c;46
6;26544; Note_on_c;48
6;26544; Note_on_c;48
6;26568; Note_off_c;48
6;26568; Note_off_c;48
6;26592; Note_on_c;48
6;26592; Note_on_c;48
6;26616; Note_off_c;48
6;26616; Note_off_c;48
6;26640; Note_on_c;48
6;26640; Note_on_c;48
6;26664; Note_off_c;48
6;26664; Note_on_c;51
6;26664; Note_off_c;48
6;26664; Note_on_c;51
6;26688; Note_off_c;51
6;26688; Note_off_c;51
6;26712; Note_on_c;51
6;26712; Note_on_c;51
6;26736; Note_off_c;51
6;26736; Note_off_c;51
6;26760; Note_on_c;51
6;26760; Note_on_c;51
6;26784; Note_off_c;51
6;26784; Note_on_c;50
6;26784; Note_off_c;51
6;26784; Note_on_c;50
6;26808; Note_off_c;50
6;26808; Note_off_c;50
6;26832; Note_on_c;50
6;26832; Note_on_c;50
6;26856; Note_off_c;50
6;26856; Note_off_c;50
6;26928; Note_on_c;48
6;26928; Note_on_c;48
6;26952; Note_off_c;48
6;26952; Note_off_c;48
6;26976; Note_on_c;48
6;26976; Note_on_c;48
6;27000; Note_off_c;48
6;27000; Note_off_c;48
6;27024; Note_on_c;48
6;27024; Note_on_c;48
6;27048; Note_off_c;48
6;27048; Note_on_c;51
6;27048; Note_off_c;48
6;27048; Note_on_c;51
6;27072; Note_off_c;51
6;27072; Note_off_c;51
6;27096; Note_on_c;51
6;27096; Note_on_c;51
6;27120; Note_off_c;51
6;27120; Note_on_c;50
6;27120; Note_off_c;51
6;27120; Note_on_c;50
6;27144; Note_off_c;50
6;27144; Note_off_c;50
6;27168; Note_on_c;48
6;27168; Note_on_c;48
6;27216; Note_off_c;48
6;27216; Note_off_c;48
6;27312; Note_on_c;44
6;27312; Note_on_c;44
6;27336; Note_off_c;44
6;27336; Note_off_c;44
6;27360; Note_on_c;44
6;27360; Note_on_c;44
6;27384; Note_off_c;44
6;27384; Note_off_c;44
6;27408; Note_on_c;44
6;27408; Note_on_c;44
6;27432; Note_off_c;44
6;27432; Note_off_c;44
6;27456; Note_on_c;44
6;27456; Note_on_c;44
6;27480; Note_off_c;44
6;27480; Note_on_c;46
6;27480; Note_off_c;44
6;27480; Note_on_c;46
6;27504; Note_off_c;46
6;27504; Note_off_c;46
6;27528; Note_on_c;46
6;27528; Note_on_c;46
6;27552; Note_off_c;46
6;27552; Note_off_c;46
6;27576; Note_on_c;46
6;27576; Note_on_c;46
6;27600; Note_off_c;46
6;27600; Note_off_c;46
6;27624; Note_on_c;46
6;27624; Note_on_c;46
6;27648; Note_off_c;46
6;27648; Note_on_c;46
6;27648; Note_off_c;46
6;27648; Note_on_c;46
6;27672; Note_off_c;46
6;27672; Note_off_c;46
6;27696; Note_on_c;48
6;27696; Note_on_c;48
6;27720; Note_off_c;48
6;27720; Note_off_c;48
6;27744; Note_on_c;48
6;27744; Note_on_c;48
6;27768; Note_off_c;48
6;27768; Note_off_c;48
6;27792; Note_on_c;48
6;27792; Note_on_c;48
6;27816; Note_off_c;48
6;27816; Note_off_c;48
6;27840; Note_on_c;46
6;27840; Note_on_c;46
6;27864; Note_off_c;46
6;27864; Note_on_c;48
6;27864; Note_off_c;46
6;27864; Note_on_c;48
6;27888; Note_off_c;48
6;27888; Note_off_c;48
6;27912; Note_on_c;48
6;27912; Note_on_c;48
6;27960; Note_off_c;48
6;27960; Note_off_c;48
6;28080; Note_on_c;48
6;28080; Note_on_c;48
6;28104; Note_off_c;48
6;28104; Note_off_c;48
6;28128; Note_on_c;48
6;28128; Note_on_c;48
6;28152; Note_off_c;48
6;28152; Note_off_c;48
6;28176; Note_on_c;48
6;28176; Note_on_c;48
6;28200; Note_off_c;48
6;28200; Note_on_c;51
6;28200; Note_off_c;48
6;28200; Note_on_c;51
6;28224; Note_off_c;51
6;28224; Note_off_c;51
6;28248; Note_on_c;51
6;28248; Note_on_c;51
6;28272; Note_off_c;51
6;28272; Note_off_c;51
6;28296; Note_on_c;51
6;28296; Note_on_c;51
6;28320; Note_off_c;51
6;28320; Note_on_c;50
6;28320; Note_off_c;51
6;28320; Note_on_c;50
6;28344; Note_off_c;50
6;28344; Note_off_c;50
6;28368; Note_on_c;50
6;28368; Note_on_c;50
6;28392; Note_off_c;50
6;28392; Note_off_c;50
6;28464; Note_on_c;48
6;28464; Note_on_c;48
6;28488; Note_off_c;48
6;28488; Note_off_c;48
6;28512; Note_on_c;48
6;28512; Note_on_c;48
6;28536; Note_off_c;48
6;28536; Note_off_c;48
6;28560; Note_on_c;48
6;28560; Note_on_c;48
6;28584; Note_off_c;48
6;28584; Note_on_c;51
6;28584; Note_off_c;48
6;28584; Note_on_c;51
6;28608; Note_off_c;51
6;28608; Note_off_c;51
6;28632; Note_on_c;51
6;28632; Note_on_c;51
6;28656; Note_off_c;51
6;28656; Note_on_c;50
6;28656; Note_off_c;51
6;28656; Note_on_c;50
6;28680; Note_off_c;50
6;28680; Note_off_c;50
6;28704; Note_on_c;48
6;28704; Note_on_c;48
6;28752; Note_off_c;48
6;28752; Note_off_c;48
6;28848; Note_on_c;44
6;28848; Note_on_c;44
6;28872; Note_off_c;44
6;28872; Note_off_c;44
6;28896; Note_on_c;44
6;28896; Note_on_c;44
6;28920; Note_off_c;44
6;28920; Note_off_c;44
6;28944; Note_on_c;44
6;28944; Note_on_c;44
6;28968; Note_off_c;44
6;28968; Note_off_c;44
6;28992; Note_on_c;44
6;28992; Note_on_c;44
6;29016; Note_off_c;44
6;29016; Note_on_c;46
6;29016; Note_off_c;44
6;29016; Note_on_c;46
6;29040; Note_off_c;46
6;29040; Note_off_c;46
6;29064; Note_on_c;46
6;29064; Note_on_c;46
6;29088; Note_off_c;46
6;29088; Note_off_c;46
6;29112; Note_on_c;46
6;29112; Note_on_c;46
6;29136; Note_off_c;46
6;29136; Note_off_c;46
6;29160; Note_on_c;46
6;29160; Note_on_c;46
6;29184; Note_off_c;46
6;29184; Note_on_c;46
6;29184; Note_off_c;46
6;29184; Note_on_c;46
6;29208; Note_off_c;46
6;29208; Note_off_c;46
6;29232; Note_on_c;48
6;29232; Note_on_c;48
6;29256; Note_off_c;48
6;29256; Note_off_c;48
6;29280; Note_on_c;48
6;29280; Note_on_c;48
6;29304; Note_off_c;48
6;29304; Note_off_c;48
6;29328; Note_on_c;48
6;29328; Note_on_c;48
6;29352; Note_off_c;48
6;29352; Note_off_c;48
6;29376; Note_on_c;46
6;29376; Note_on_c;46
6;29400; Note_off_c;46
6;29400; Note_on_c;48
6;29400; Note_off_c;46
6;29400; Note_on_c;48
6;29424; Note_off_c;48
6;29424; Note_off_c;48
6;29448; Note_on_c;48
6;29448; Note_on_c;48
6;29496; Note_off_c;48
6;29496; Note_off_c;48
6;29616; Note_on_c;44
6;29616; Note_on_c;44
6;29640; Note_off_c;44
6;29640; Note_off_c;44
6;29664; Note_on_c;44
6;29664; Note_on_c;44
6;29688; Note_off_c;44
6;29688; Note_off_c;44
6;29712; Note_on_c;44
6;29712; Note_on_c;44
6;29736; Note_off_c;44
6;29736; Note_off_c;44
6;29760; Note_on_c;44
6;29760; Note_on_c;44
6;29784; Note_off_c;44
6;29784; Note_on_c;46
6;29784; Note_off_c;44
6;29784; Note_on_c;46
6;29808; Note_off_c;46
6;29808; Note_off_c;46
6;29832; Note_on_c;46
6;29832; Note_on_c;46
6;29856; Note_off_c;46
6;29856; Note_off_c;46
6;29880; Note_on_c;46
6;29880; Note_on_c;46
6;29904; Note_off_c;46
6;29904; Note_off_c;46
6;29928; Note_on_c;46
6;29928; Note_on_c;46
6;29952; Note_off_c;46
6;29952; Note_on_c;46
6;29952; Note_off_c;46
6;29952; Note_on_c;46
6;29976; Note_off_c;46
6;29976; Note_off_c;46
6;30000; Note_on_c;48
6;30000; Note_on_c;48
6;30024; Note_off_c;48
6;30024; Note_off_c;48
6;30048; Note_on_c;48
6;30048; Note_on_c;48
6;30072; Note_off_c;48
6;30072; Note_off_c;48
6;30096; Note_on_c;48
6;30096; Note_on_c;48
6;30120; Note_off_c;48
6;30120; Note_off_c;48
6;30144; Note_on_c;46
6;30144; Note_on_c;46
6;30168; Note_off_c;46
6;30168; Note_on_c;48
6;30168; Note_off_c;46
6;30168; Note_on_c;48
6;30192; Note_off_c;48
6;30192; Note_off_c;48
6;30216; Note_on_c;48
6;30216; Note_on_c;48
6;30264; Note_off_c;48
6;30264; Note_off_c;48
6;30336; Note_on_c;41
6;30336; Note_on_c;41
6;30384; Note_off_c;41
6;30384; Note_off_c;41
6;30432; Note_on_c;44
6;30432; Note_on_c;44
6;30480; Note_off_c;44
6;30480; Note_off_c;44
6;30504; Note_on_c;41
6;30504; Note_on_c;41
6;30528; Note_off_c;41
6;30528; Note_off_c;41
6;30552; Note_on_c;41
6;30552; Note_on_c;41
6;30576; Note_off_c;41
6;30576; Note_on_c;46
6;30576; Note_off_c;41
6;30576; Note_on_c;46
6;30600; Note_off_c;46
6;30600; Note_off_c;46
6;30624; Note_on_c;41
6;30624; Note_on_c;41
6;30648; Note_off_c;41
6;30648; Note_off_c;41
6;30672; Note_on_c;39
6;30672; Note_on_c;39
6;30696; Note_off_c;39
6;30696; Note_off_c;39
6;30720; Note_on_c;41
6;30720; Note_on_c;41
6;30768; Note_off_c;41
6;30768; Note_off_c;41
6;30816; Note_on_c;48
6;30816; Note_on_c;48
6;30864; Note_off_c;48
6;30864; Note_off_c;48
6;30888; Note_on_c;41
6;30888; Note_on_c;41
6;30912; Note_off_c;41
6;30912; Note_off_c;41
6;30936; Note_on_c;41
6;30936; Note_on_c;41
6;30960; Note_off_c;41
6;30960; Note_on_c;49
6;30960; Note_off_c;41
6;30960; Note_on_c;49
6;30984; Note_off_c;49
6;30984; Note_off_c;49
6;31008; Note_on_c;48
6;31008; Note_on_c;48
6;31032; Note_off_c;48
6;31032; Note_off_c;48
6;31056; Note_on_c;44
6;31056; Note_on_c;44
6;31080; Note_off_c;44
6;31080; Note_off_c;44
6;31104; Note_on_c;41
6;31104; Note_on_c;41
6;31128; Note_off_c;41
6;31128; Note_off_c;41
6;31152; Note_on_c;48
6;31152; Note_on_c;48
6;31176; Note_off_c;48
6;31176; Note_off_c;48
6;31200; Note_on_c;53
6;31200; Note_on_c;53
6;31224; Note_off_c;53
6;31224; Note_off_c;53
6;31248; Note_on_c;41
6;31248; Note_on_c;41
6;31272; Note_off_c;41
6;31272; Note_on_c;39
6;31272; Note_off_c;41
6;31272; Note_on_c;39
6;31296; Note_off_c;39
6;31296; Note_off_c;39
6;31320; Note_on_c;39
6;31320; Note_on_c;39
6;31344; Note_off_c;39
6;31344; Note_on_c;36
6;31344; Note_off_c;39
6;31344; Note_on_c;36
6;31368; Note_off_c;36
6;31368; Note_off_c;36
6;31392; Note_on_c;43
6;31392; Note_on_c;43
6;31416; Note_off_c;43
6;31416; Note_off_c;43
6;31440; Note_on_c;41
6;31440; Note_on_c;41
6;31560; Note_off_c;41
6;31560; Note_off_c;41
6;31872; Note_on_c;41
6;31872; Note_on_c;41
6;31920; Note_off_c;41
6;31920; Note_off_c;41
6;31968; Note_on_c;44
6;31968; Note_on_c;44
6;32016; Note_off_c;44
6;32016; Note_off_c;44
6;32040; Note_on_c;41
6;32040; Note_on_c;41
6;32064; Note_off_c;41
6;32064; Note_off_c;41
6;32088; Note_on_c;41
6;32088; Note_on_c;41
6;32112; Note_off_c;41
6;32112; Note_on_c;46
6;32112; Note_off_c;41
6;32112; Note_on_c;46
6;32136; Note_off_c;46
6;32136; Note_off_c;46
6;32160; Note_on_c;41
6;32160; Note_on_c;41
6;32184; Note_off_c;41
6;32184; Note_off_c;41
6;32208; Note_on_c;39
6;32208; Note_on_c;39
6;32232; Note_off_c;39
6;32232; Note_off_c;39
6;32256; Note_on_c;41
6;32256; Note_on_c;41
6;32304; Note_off_c;41
6;32304; Note_off_c;41
6;32352; Note_on_c;48
6;32352; Note_on_c;48
6;32400; Note_off_c;48
6;32400; Note_off_c;48
6;32424; Note_on_c;41
6;32424; Note_on_c;41
6;32448; Note_off_c;41
6;32448; Note_off_c;41
6;32472; Note_on_c;41
6;32472; Note_on_c;41
6;32496; Note_off_c;41
6;32496; Note_on_c;49
6;32496; Note_off_c;41
6;32496; Note_on_c;49
6;32520; Note_off_c;49
6;32520; Note_off_c;49
6;32544; Note_on_c;48
6;32544; Note_on_c;48
6;32568; Note_off_c;48
6;32568; Note_off_c;48
6;32592; Note_on_c;44
6;32592; Note_on_c;44
6;32616; Note_off_c;44
6;32616; Note_off_c;44
6;32640; Note_on_c;41
6;32640; Note_on_c;41
6;32664; Note_off_c;41
6;32664; Note_off_c;41
6;32688; Note_on_c;48
6;32688; Note_on_c;48
6;32712; Note_off_c;48
6;32712; Note_off_c;48
6;32736; Note_on_c;53
6;32736; Note_on_c;53
6;32760; Note_off_c;53
6;32760; Note_off_c;53
6;32784; Note_on_c;41
6;32784; Note_on_c;41
6;32808; Note_off_c;41
6;32808; Note_on_c;39
6;32808; Note_off_c;41
6;32808; Note_on_c;39
6;32832; Note_off_c;39
6;32832; Note_off_c;39
6;32856; Note_on_c;39
6;32856; Note_on_c;39
6;32880; Note_off_c;39
6;32880; Note_on_c;36
6;32880; Note_off_c;39
6;32880; Note_on_c;36
6;32904; Note_off_c;36
6;32904; Note_off_c;36
6;32928; Note_on_c;43
6;32928; Note_on_c;43
6;32952; Note_off_c;43
6;32952; Note_off_c;43
6;32976; Note_on_c;41
6;32976; Note_on_c;41
6;33096; Note_off_c;41
6;33096; Note_off_c;41
6;33096;End_track;
