2;960; Note_on_c;76
2;1200; Note_off_c;76
2;1200; Note_on_c;75
2;1440; Note_off_c;75
2;1440; Note_on_c;76
2;1680; Note_off_c;76
2;1680; Note_on_c;75
2;1920; Note_off_c;75
2;1920; Note_on_c;76
2;2160; Note_off_c;76
2;2160; Note_on_c;71
2;2400; Note_off_c;71
2;2400; Note_on_c;74
2;2640; Note_off_c;74
2;2640; Note_on_c;72
2;2880; Note_off_c;72
2;2880; Note_on_c;69
2;2880; Note_on_c;45
2;3120; Note_off_c;45
2;3120; Note_on_c;52
2;3360; Note_off_c;52
2;3360; Note_on_c;57
2;3600; Note_off_c;69
2;3600; Note_off_c;57
2;3600; Note_on_c;60
2;3840; Note_off_c;60
2;3840; Note_on_c;64
2;4080; Note_off_c;64
2;4080; Note_on_c;69
2;4320; Note_off_c;69
2;4320; Note_on_c;71
2;4320; Note_on_c;40
2;4560; Note_off_c;40
2;4560; Note_on_c;52
2;4800; Note_off_c;52
2;4800; Note_on_c;56
2;5040; Note_off_c;71
2;5040; Note_off_c;56
2;5040; Note_on_c;64
2;5280; Note_off_c;64
2;5280; Note_on_c;68
2;5520; Note_off_c;68
2;5520; Note_on_c;71
2;5760; Note_off_c;71
2;5760; Note_on_c;72
2;5760; Note_on_c;45
2;6000; Note_off_c;45
2;6000; Note_on_c;52
2;6240; Note_off_c;52
2;6240; Note_on_c;57
2;6480; Note_off_c;72
2;6480; Note_off_c;57
2;6480; Note_on_c;64
2;6720; Note_off_c;64
2;6720; Note_on_c;76
2;6960; Note_off_c;76
2;6960; Note_on_c;75
2;7200; Note_off_c;75
2;7200; Note_on_c;76
2;7440; Note_off_c;76
2;7440; Note_on_c;75
2;7680; Note_off_c;75
2;7680; Note_on_c;76
2;7920; Note_off_c;76
2;7920; Note_on_c;71
2;8160; Note_off_c;71
2;8160; Note_on_c;74
2;8400; Note_off_c;74
2;8400; Note_on_c;72
2;8640; Note_off_c;72
2;8640; Note_on_c;69
2;8640; Note_on_c;45
2;8880; Note_off_c;45
2;8880; Note_on_c;52
2;9120; Note_off_c;52
2;9120; Note_on_c;57
2;9360; Note_off_c;69
2;9360; Note_off_c;57
2;9360; Note_on_c;60
2;9600; Note_off_c;60
2;9600; Note_on_c;64
2;9840; Note_off_c;64
2;9840; Note_on_c;69
2;10080; Note_off_c;69
2;10080; Note_on_c;71
2;10080; Note_on_c;40
2;10320; Note_off_c;40
2;10320; Note_on_c;52
2;10560; Note_off_c;52
2;10560; Note_on_c;56
2;10800; Note_off_c;71
2;10800; Note_off_c;56
2;10800; Note_on_c;64
2;11040; Note_off_c;64
2;11040; Note_on_c;72
2;11280; Note_off_c;72
2;11280; Note_on_c;71
2;11520; Note_off_c;71
2;11520; Note_on_c;69
2;11520; Note_on_c;45
2;11760; Note_off_c;45
2;11760; Note_on_c;52
2;12000; Note_off_c;52
2;12000; Note_on_c;57
2;12240; Note_off_c;69
2;12240; Note_off_c;57
2;12480; Note_on_c;76
2;12720; Note_off_c;76
2;12720; Note_on_c;75
2;12960; Note_off_c;75
2;12960; Note_on_c;76
2;13200; Note_off_c;76
2;13200; Note_on_c;75
2;13440; Note_off_c;75
2;13440; Note_on_c;76
2;13680; Note_off_c;76
2;13680; Note_on_c;71
2;13920; Note_off_c;71
2;13920; Note_on_c;74
2;14160; Note_off_c;74
2;14160; Note_on_c;72
2;14400; Note_off_c;72
2;14400; Note_on_c;69
2;14400; Note_on_c;45
2;14640; Note_off_c;45
2;14640; Note_on_c;52
2;14880; Note_off_c;52
2;14880; Note_on_c;57
2;15120; Note_off_c;57
2;15120; Note_off_c;69
2;15120; Note_on_c;60
2;15360; Note_off_c;60
2;15360; Note_on_c;64
2;15600; Note_off_c;64
2;15600; Note_on_c;69
2;15840; Note_off_c;69
2;15840; Note_on_c;71
2;15840; Note_on_c;40
2;16080; Note_off_c;40
2;16080; Note_on_c;52
2;16320; Note_off_c;52
2;16320; Note_on_c;56
2;16560; Note_off_c;71
2;16560; Note_off_c;56
2;16560; Note_on_c;64
2;16800; Note_off_c;64
2;16800; Note_on_c;68
2;17040; Note_off_c;68
2;17040; Note_on_c;71
2;17280; Note_off_c;71
2;17280; Note_on_c;72
2;17280; Note_on_c;45
2;17520; Note_off_c;45
2;17520; Note_on_c;52
2;17760; Note_off_c;52
2;17760; Note_off_c;72
2;17760; Note_on_c;57
2;18000; Note_off_c;57
2;18000; Note_on_c;64
2;18240; Note_off_c;64
2;18240; Note_on_c;76
2;18480; Note_off_c;76
2;18480; Note_on_c;75
2;18720; Note_off_c;75
2;18720; Note_on_c;76
2;18960; Note_off_c;76
2;18960; Note_on_c;75
2;19200; Note_off_c;75
2;19200; Note_on_c;76
2;19440; Note_off_c;76
2;19440; Note_on_c;71
2;19680; Note_off_c;71
2;19680; Note_on_c;74
2;19920; Note_off_c;74
2;19920; Note_on_c;72
2;20160; Note_off_c;72
2;20160; Note_on_c;69
2;20160; Note_on_c;45
2;20400; Note_off_c;45
2;20400; Note_on_c;52
2;20640; Note_off_c;52
2;20640; Note_off_c;69
2;20640; Note_on_c;57
2;20880; Note_off_c;57
2;20880; Note_on_c;60
2;21120; Note_off_c;60
2;21120; Note_on_c;64
2;21360; Note_off_c;64
2;21360; Note_on_c;69
2;21600; Note_off_c;69
2;21600; Note_on_c;71
2;21600; Note_on_c;40
2;21840; Note_off_c;40
2;21840; Note_on_c;52
2;22080; Note_off_c;52
2;22080; Note_off_c;71
2;22080; Note_on_c;56
2;22320; Note_off_c;56
2;22320; Note_on_c;64
2;22560; Note_off_c;64
2;22560; Note_on_c;72
2;22800; Note_off_c;72
2;22800; Note_on_c;71
2;23040; Note_off_c;71
2;23040; Note_on_c;69
2;23040; Note_on_c;45
2;23280; Note_off_c;45
2;23280; Note_on_c;52
2;23520; Note_off_c;69
2;23520; Note_off_c;52
2;23520; Note_on_c;57
2;23760; Note_off_c;57
2;23760; Note_on_c;71
2;24000; Note_off_c;71
2;24000; Note_on_c;72
2;24240; Note_off_c;72
2;24240; Note_on_c;74
2;24480; Note_off_c;74
2;24480; Note_on_c;76
2;24480; Note_on_c;48
2;24720; Note_off_c;48
2;24720; Note_on_c;55
2;24960; Note_off_c;55
2;24960; Note_on_c;60
2;25200; Note_off_c;76
2;25200; Note_off_c;60
2;25200; Note_on_c;67
2;25440; Note_off_c;67
2;25440; Note_on_c;77
2;25680; Note_off_c;77
2;25680; Note_on_c;76
2;25920; Note_off_c;76
2;25920; Note_on_c;74
2;25920; Note_on_c;43
2;26160; Note_off_c;43
2;26160; Note_on_c;55
2;26400; Note_off_c;55
2;26400; Note_on_c;59
2;26640; Note_off_c;74
2;26640; Note_off_c;59
2;26640; Note_on_c;65
2;26880; Note_off_c;65
2;26880; Note_on_c;76
2;27120; Note_off_c;76
2;27120; Note_on_c;74
2;27360; Note_off_c;74
2;27360; Note_on_c;72
2;27360; Note_on_c;45
2;27600; Note_off_c;45
2;27600; Note_on_c;52
2;27840; Note_off_c;52
2;27840; Note_on_c;57
2;28080; Note_off_c;57
2;28080; Note_off_c;72
2;28080; Note_on_c;64
2;28320; Note_off_c;64
2;28320; Note_on_c;74
2;28560; Note_off_c;74
2;28560; Note_on_c;72
2;28800; Note_off_c;72
2;28800; Note_on_c;71
2;28800; Note_on_c;40
2;29040; Note_off_c;40
2;29040; Note_on_c;52
2;29280; Note_off_c;52
2;29280; Note_off_c;71
2;29280; Note_on_c;64
2;29520; Note_off_c;64
2;29520; Note_on_c;64
2;29760; Note_off_c;64
2;29760; Note_on_c;76
2;30000; Note_off_c;76
2;30000; Note_on_c;64
2;30240; Note_off_c;64
2;30240; Note_on_c;76
2;30480; Note_off_c;76
2;30480; Note_on_c;76
2;30720; Note_off_c;76
2;30720; Note_on_c;88
2;30960; Note_off_c;88
2;30960; Note_on_c;75
2;31200; Note_off_c;75
2;31200; Note_on_c;76
2;31440; Note_off_c;76
2;31440; Note_on_c;75
2;31680; Note_off_c;75
2;31680; Note_on_c;76
2;31920; Note_off_c;76
2;31920; Note_on_c;75
2;32160; Note_off_c;75
2;32160; Note_on_c;76
2;32400; Note_off_c;76
2;32400; Note_on_c;71
2;32640; Note_off_c;71
2;32640; Note_on_c;74
2;32880; Note_off_c;74
2;32880; Note_on_c;72
2;33120; Note_off_c;72
2;33120; Note_on_c;69
2;33120; Note_on_c;45
2;33360; Note_off_c;45
2;33360; Note_on_c;52
2;33600; Note_off_c;52
2;33600; Note_off_c;69
2;33600; Note_on_c;57
2;33840; Note_off_c;57
2;33840; Note_on_c;60
2;34080; Note_off_c;60
2;34080; Note_on_c;64
2;34320; Note_off_c;64
2;34320; Note_on_c;69
2;34560; Note_off_c;69
2;34560; Note_on_c;71
2;34560; Note_on_c;40
2;34800; Note_off_c;40
2;34800; Note_on_c;52
2;35040; Note_off_c;52
2;35040; Note_off_c;71
2;35040; Note_on_c;56
2;35280; Note_off_c;56
2;35280; Note_on_c;64
2;35520; Note_off_c;64
2;35520; Note_on_c;68
2;35760; Note_off_c;68
2;35760; Note_on_c;71
2;36000; Note_off_c;71
2;36000; Note_on_c;72
2;36000; Note_on_c;45
2;36240; Note_off_c;45
2;36240; Note_on_c;52
2;36480; Note_off_c;52
2;36480; Note_off_c;72
2;36480; Note_on_c;57
2;36720; Note_off_c;57
2;36720; Note_on_c;64
2;36960; Note_off_c;64
2;36960; Note_on_c;76
2;37200; Note_off_c;76
2;37200; Note_on_c;75
2;37440; Note_off_c;75
2;37440; Note_on_c;76
2;37680; Note_off_c;76
2;37680; Note_on_c;75
2;37920; Note_off_c;75
2;37920; Note_on_c;76
2;38160; Note_off_c;76
2;38160; Note_on_c;71
2;38400; Note_off_c;71
2;38400; Note_on_c;74
2;38640; Note_off_c;74
2;38640; Note_on_c;72
2;38880; Note_off_c;72
2;38880; Note_on_c;69
2;38880; Note_on_c;45
2;39120; Note_off_c;45
2;39120; Note_on_c;52
2;39360; Note_off_c;52
2;39360; Note_off_c;69
2;39360; Note_on_c;57
2;39600; Note_off_c;57
2;39600; Note_on_c;60
2;39840; Note_off_c;60
2;39840; Note_on_c;64
2;40080; Note_off_c;64
2;40080; Note_on_c;69
2;40320; Note_off_c;69
2;40320; Note_on_c;71
2;40320; Note_on_c;40
2;40560; Note_off_c;40
2;40560; Note_on_c;52
2;40800; Note_off_c;52
2;40800; Note_off_c;71
2;40800; Note_on_c;56
2;41040; Note_off_c;56
2;41040; Note_on_c;64
2;41280; Note_off_c;64
2;41280; Note_on_c;72
2;41520; Note_off_c;72
2;41520; Note_on_c;71
2;41760; Note_off_c;71
2;41760; Note_on_c;69
2;41760; Note_on_c;45
2;42000; Note_off_c;45
2;42000; Note_on_c;52
2;42240; Note_off_c;52
2;42240; Note_off_c;69
2;42240; Note_on_c;57
2;42480; Note_off_c;57
2;42480; Note_on_c;71
2;42720; Note_off_c;71
2;42720; Note_on_c;72
2;42960; Note_off_c;72
2;42960; Note_on_c;74
2;43200; Note_off_c;74
2;43200; Note_on_c;76
2;43200; Note_on_c;48
2;43440; Note_off_c;48
2;43440; Note_on_c;55
2;43680; Note_off_c;55
2;43680; Note_on_c;60
2;43920; Note_off_c;76
2;43920; Note_off_c;60
2;43920; Note_on_c;67
2;44160; Note_off_c;67
2;44160; Note_on_c;77
2;44400; Note_off_c;77
2;44400; Note_on_c;76
2;44640; Note_off_c;76
2;44640; Note_on_c;74
2;44640; Note_on_c;43
2;44880; Note_off_c;43
2;44880; Note_on_c;55
2;45120; Note_off_c;55
2;45120; Note_on_c;59
2;45360; Note_off_c;74
2;45360; Note_off_c;59
2;45360; Note_on_c;65
2;45600; Note_off_c;65
2;45600; Note_on_c;76
2;45840; Note_off_c;76
2;45840; Note_on_c;74
2;46080; Note_off_c;74
2;46080; Note_on_c;72
2;46080; Note_on_c;45
2;46320; Note_off_c;45
2;46320; Note_on_c;52
2;46560; Note_off_c;52
2;46560; Note_on_c;57
2;46800; Note_off_c;72
2;46800; Note_off_c;57
2;46800; Note_on_c;64
2;47040; Note_off_c;64
2;47040; Note_on_c;74
2;47280; Note_off_c;74
2;47280; Note_on_c;72
2;47520; Note_off_c;72
2;47520; Note_on_c;71
2;47520; Note_on_c;40
2;47760; Note_off_c;40
2;47760; Note_on_c;52
2;48000; Note_off_c;52
2;48000; Note_off_c;71
2;48000; Note_on_c;64
2;48240; Note_off_c;64
2;48240; Note_on_c;64
2;48480; Note_off_c;64
2;48480; Note_on_c;76
2;48720; Note_off_c;76
2;48720; Note_on_c;64
2;48960; Note_off_c;64
2;48960; Note_on_c;76
2;49200; Note_off_c;76
2;49200; Note_on_c;76
2;49440; Note_off_c;76
2;49440; Note_on_c;88
2;49680; Note_off_c;88
2;49680; Note_on_c;75
2;49920; Note_off_c;75
2;49920; Note_on_c;76
2;50160; Note_off_c;76
2;50160; Note_on_c;75
2;50400; Note_off_c;75
2;50400; Note_on_c;76
2;50640; Note_off_c;76
2;50640; Note_on_c;75
2;50880; Note_off_c;75
2;50880; Note_on_c;76
2;51120; Note_off_c;76
2;51120; Note_on_c;71
2;51360; Note_off_c;71
2;51360; Note_on_c;74
2;51600; Note_off_c;74
2;51600; Note_on_c;72
2;51840; Note_off_c;72
2;51840; Note_on_c;69
2;51840; Note_on_c;45
2;52080; Note_off_c;45
2;52080; Note_on_c;52
2;52320; Note_off_c;52
2;52320; Note_off_c;69
2;52320; Note_on_c;57
2;52560; Note_off_c;57
2;52560; Note_on_c;60
2;52800; Note_off_c;60
2;52800; Note_on_c;64
2;53040; Note_off_c;64
2;53040; Note_on_c;69
2;53280; Note_off_c;69
2;53280; Note_on_c;71
2;53280; Note_on_c;40
2;53520; Note_off_c;40
2;53520; Note_on_c;52
2;53760; Note_off_c;52
2;53760; Note_off_c;71
2;53760; Note_on_c;56
2;54000; Note_off_c;56
2;54000; Note_on_c;64
2;54240; Note_off_c;64
2;54240; Note_on_c;68
2;54480; Note_off_c;68
2;54480; Note_on_c;71
2;54720; Note_off_c;71
2;54720; Note_on_c;72
2;54720; Note_on_c;45
2;54960; Note_off_c;45
2;54960; Note_on_c;52
2;55200; Note_off_c;52
2;55200; Note_off_c;72
2;55200; Note_on_c;57
2;55440; Note_off_c;57
2;55440; Note_on_c;64
2;55680; Note_off_c;64
2;55680; Note_on_c;76
2;55920; Note_off_c;76
2;55920; Note_on_c;75
2;56160; Note_off_c;75
2;56160; Note_on_c;76
2;56400; Note_off_c;76
2;56400; Note_on_c;75
2;56640; Note_off_c;75
2;56640; Note_on_c;76
2;56880; Note_off_c;76
2;56880; Note_on_c;71
2;57120; Note_off_c;71
2;57120; Note_on_c;74
2;57360; Note_off_c;74
2;57360; Note_on_c;72
2;57600; Note_off_c;72
2;57600; Note_on_c;69
2;57600; Note_on_c;45
2;57840; Note_off_c;45
2;57840; Note_on_c;52
2;58080; Note_off_c;52
2;58080; Note_off_c;69
2;58080; Note_on_c;57
2;58320; Note_off_c;57
2;58320; Note_on_c;60
2;58560; Note_off_c;60
2;58560; Note_on_c;64
2;58800; Note_off_c;64
2;58800; Note_on_c;69
2;59040; Note_off_c;69
2;59040; Note_on_c;71
2;59040; Note_on_c;40
2;59280; Note_off_c;40
2;59280; Note_on_c;52
2;59520; Note_off_c;52
2;59520; Note_off_c;71
2;59520; Note_on_c;56
2;59760; Note_off_c;56
2;59760; Note_on_c;64
2;60000; Note_off_c;64
2;60000; Note_on_c;72
2;60240; Note_off_c;72
2;60240; Note_on_c;71
2;60480; Note_off_c;71
2;60480; Note_on_c;69
2;60480; Note_on_c;45
2;60720; Note_off_c;45
2;60720; Note_on_c;52
2;60960; Note_off_c;52
2;60960; Note_off_c;69
2;60960; Note_on_c;57
2;61200; Note_off_c;57
2;61200; Note_on_c;58
2;61200; Note_on_c;60
2;61200; Note_on_c;64
2;61200; Note_on_c;72
2;61320; Note_off_c;72
2;61320; Note_off_c;64
2;61320; Note_off_c;58
2;61320; Note_off_c;60
2;61440; Note_on_c;60
2;61440; Note_on_c;57
2;61440; Note_on_c;65
2;61440; Note_on_c;72
2;61560; Note_off_c;72
2;61560; Note_off_c;65
2;61560; Note_off_c;57
2;61560; Note_off_c;60
2;61680; Note_on_c;58
2;61680; Note_on_c;60
2;61680; Note_on_c;55
2;61680; Note_on_c;64
2;61680; Note_on_c;72
2;61680; Note_on_c;67
2;61800; Note_off_c;67
2;61800; Note_off_c;72
2;61800; Note_off_c;64
2;61800; Note_off_c;55
2;61800; Note_off_c;58
2;61800; Note_off_c;60
2;61920; Note_on_c;72
2;61920; Note_on_c;53
2;62160; Note_off_c;53
2;62160; Note_on_c;57
2;62400; Note_off_c;57
2;62400; Note_on_c;60
2;62640; Note_off_c;60
2;62640; Note_on_c;57
2;62880; Note_off_c;57
2;62880; Note_off_c;72
2;62880; Note_on_c;60
2;62880; Note_on_c;77
2;63120; Note_off_c;60
2;63120; Note_on_c;57
2;63240; Note_off_c;77
2;63240; Note_on_c;76
2;63360; Note_off_c;76
2;63360; Note_off_c;57
2;63360; Note_on_c;76
2;63360; Note_on_c;53
2;63600; Note_off_c;53
2;63600; Note_on_c;58
2;63840; Note_off_c;58
2;63840; Note_off_c;76
2;63840; Note_on_c;74
2;63840; Note_on_c;62
2;64080; Note_off_c;62
2;64080; Note_on_c;58
2;64320; Note_off_c;58
2;64320; Note_off_c;74
2;64320; Note_on_c;62
2;64320; Note_on_c;82
2;64560; Note_off_c;62
2;64560; Note_on_c;58
2;64680; Note_off_c;82
2;64680; Note_on_c;81
2;64800; Note_off_c;81
2;64800; Note_off_c;58
2;64800; Note_on_c;81
2;64800; Note_on_c;53
2;65040; Note_off_c;53
2;65040; Note_off_c;81
2;65040; Note_on_c;79
2;65040; Note_on_c;64
2;65280; Note_off_c;64
2;65280; Note_off_c;79
2;65280; Note_on_c;77
2;65280; Note_on_c;58
2;65280; Note_on_c;55
2;65280; Note_on_c;53
2;65520; Note_off_c;53
2;65520; Note_off_c;55
2;65520; Note_off_c;58
2;65520; Note_off_c;77
2;65520; Note_on_c;76
2;65520; Note_on_c;64
2;65760; Note_off_c;64
2;65760; Note_off_c;76
2;65760; Note_on_c;74
2;65760; Note_on_c;58
2;65760; Note_on_c;55
2;65760; Note_on_c;53
2;66000; Note_off_c;53
2;66000; Note_off_c;55
2;66000; Note_off_c;58
2;66000; Note_off_c;74
2;66000; Note_on_c;72
2;66000; Note_on_c;64
2;66240; Note_off_c;64
2;66240; Note_off_c;72
2;66240; Note_on_c;70
2;66240; Note_on_c;53
2;66480; Note_off_c;53
2;66480; Note_on_c;57
2;66720; Note_off_c;57
2;66720; Note_off_c;70
2;66720; Note_on_c;69
2;66720; Note_on_c;60
2;66960; Note_off_c;60
2;66960; Note_on_c;57
2;67200; Note_off_c;57
2;67200; Note_off_c;69
2;67200; Note_on_c;69
2;67200; Note_on_c;60
2;67320; Note_off_c;69
2;67320; Note_on_c;67
2;67440; Note_off_c;60
2;67440; Note_off_c;67
2;67440; Note_on_c;69
2;67440; Note_on_c;57
2;67560; Note_off_c;69
2;67560; Note_on_c;70
2;67680; Note_off_c;57
2;67680; Note_off_c;70
2;67680; Note_on_c;72
2;67680; Note_on_c;53
2;67920; Note_off_c;53
2;67920; Note_on_c;57
2;68160; Note_off_c;57
2;68160; Note_on_c;60
2;68400; Note_off_c;60
2;68400; Note_on_c;57
2;68640; Note_off_c;57
2;68640; Note_off_c;72
2;68640; Note_on_c;74
2;68640; Note_on_c;60
2;68880; Note_off_c;60
2;68880; Note_off_c;74
2;68880; Note_on_c;75
2;68880; Note_on_c;57
2;69120; Note_off_c;57
2;69120; Note_off_c;75
2;69120; Note_on_c;76
2;69120; Note_on_c;52
2;69360; Note_off_c;52
2;69360; Note_on_c;57
2;69600; Note_off_c;57
2;69600; Note_on_c;60
2;69840; Note_off_c;60
2;69840; Note_off_c;76
2;69840; Note_on_c;76
2;69840; Note_on_c;57
2;70080; Note_off_c;57
2;70080; Note_off_c;76
2;70080; Note_on_c;77
2;70080; Note_on_c;62
2;70080; Note_on_c;50
2;70320; Note_off_c;50
2;70320; Note_off_c;62
2;70320; Note_off_c;77
2;70320; Note_on_c;69
2;70320; Note_on_c;53
2;70560; Note_off_c;53
2;70560; Note_off_c;69
2;70560; Note_on_c;72
2;70560; Note_on_c;55
2;70800; Note_off_c;55
2;70800; Note_on_c;64
2;71040; Note_off_c;64
2;71040; Note_on_c;55
2;71280; Note_off_c;55
2;71280; Note_on_c;64
2;71520; Note_off_c;64
2;71520; Note_off_c;72
2;71520; Note_on_c;74
2;71520; Note_on_c;55
2;71760; Note_off_c;55
2;71760; Note_on_c;65
2;71880; Note_off_c;74
2;71880; Note_on_c;71
2;72000; Note_off_c;65
2;72000; Note_off_c;71
2;72000; Note_on_c;72
2;72000; Note_on_c;60
2;72000; Note_on_c;64
2;72120; Note_off_c;72
2;72120; Note_on_c;79
2;72240; Note_off_c;79
2;72240; Note_on_c;67
2;72360; Note_off_c;67
2;72360; Note_on_c;79
2;72480; Note_off_c;64
2;72480; Note_off_c;60
2;72480; Note_off_c;79
2;72480; Note_on_c;69
2;72600; Note_off_c;69
2;72600; Note_on_c;79
2;72720; Note_off_c;79
2;72720; Note_on_c;71
2;72720; Note_on_c;67
2;72720; Note_on_c;65
2;72840; Note_off_c;65
2;72840; Note_off_c;67
2;72840; Note_off_c;71
2;72840; Note_on_c;79
2;72960; Note_off_c;79
2;72960; Note_on_c;72
2;72960; Note_on_c;67
2;72960; Note_on_c;64
2;73080; Note_off_c;64
2;73080; Note_off_c;67
2;73080; Note_off_c;72
2;73080; Note_on_c;79
2;73200; Note_off_c;79
2;73200; Note_on_c;74
2;73200; Note_on_c;67
2;73200; Note_on_c;65
2;73200; Note_on_c;62
2;73320; Note_off_c;62
2;73320; Note_off_c;65
2;73320; Note_off_c;67
2;73320; Note_off_c;74
2;73320; Note_on_c;79
2;73440; Note_off_c;79
2;73440; Note_on_c;76
2;73440; Note_on_c;60
2;73440; Note_on_c;64
2;73440; Note_on_c;67
2;73560; Note_off_c;76
2;73560; Note_on_c;79
2;73680; Note_off_c;67
2;73680; Note_off_c;64
2;73680; Note_off_c;60
2;73680; Note_off_c;79
2;73680; Note_on_c;84
2;73800; Note_off_c;84
2;73800; Note_on_c;83
2;73920; Note_off_c;83
2;73920; Note_on_c;81
2;73920; Note_on_c;53
2;73920; Note_on_c;57
2;74040; Note_off_c;81
2;74040; Note_on_c;79
2;74160; Note_off_c;57
2;74160; Note_off_c;53
2;74160; Note_off_c;79
2;74160; Note_on_c;77
2;74280; Note_off_c;77
2;74280; Note_on_c;74
2;74400; Note_off_c;74
2;74400; Note_on_c;72
2;74400; Note_on_c;55
2;74400; Note_on_c;59
2;74520; Note_off_c;72
2;74520; Note_on_c;79
2;74640; Note_off_c;59
2;74640; Note_off_c;55
2;74640; Note_off_c;79
2;74640; Note_on_c;77
2;74760; Note_off_c;77
2;74760; Note_on_c;74
2;74880; Note_off_c;74
2;74880; Note_on_c;72
2;74880; Note_on_c;60
2;75000; Note_off_c;72
2;75000; Note_on_c;79
2;75120; Note_off_c;60
2;75120; Note_off_c;79
2;75120; Note_on_c;67
2;75240; Note_off_c;67
2;75240; Note_on_c;79
2;75360; Note_off_c;79
2;75360; Note_on_c;69
2;75480; Note_off_c;69
2;75480; Note_on_c;79
2;75600; Note_off_c;79
2;75600; Note_on_c;71
2;75600; Note_on_c;67
2;75600; Note_on_c;65
2;75720; Note_off_c;65
2;75720; Note_off_c;67
2;75720; Note_off_c;71
2;75720; Note_on_c;79
2;75840; Note_off_c;79
2;75840; Note_on_c;72
2;75840; Note_on_c;67
2;75840; Note_on_c;64
2;75960; Note_off_c;64
2;75960; Note_off_c;67
2;75960; Note_off_c;72
2;75960; Note_on_c;79
2;76080; Note_off_c;79
2;76080; Note_on_c;74
2;76080; Note_on_c;67
2;76080; Note_on_c;65
2;76080; Note_on_c;62
2;76200; Note_off_c;62
2;76200; Note_off_c;65
2;76200; Note_off_c;67
2;76200; Note_off_c;74
2;76200; Note_on_c;79
2;76320; Note_off_c;79
2;76320; Note_on_c;76
2;76320; Note_on_c;60
2;76320; Note_on_c;64
2;76320; Note_on_c;67
2;76440; Note_off_c;76
2;76440; Note_on_c;79
2;76560; Note_off_c;67
2;76560; Note_off_c;64
2;76560; Note_off_c;60
2;76560; Note_off_c;79
2;76560; Note_on_c;84
2;76680; Note_off_c;84
2;76680; Note_on_c;83
2;76800; Note_off_c;83
2;76800; Note_on_c;81
2;76800; Note_on_c;53
2;76800; Note_on_c;57
2;76920; Note_off_c;81
2;76920; Note_on_c;79
2;77040; Note_off_c;57
2;77040; Note_off_c;53
2;77040; Note_off_c;79
2;77040; Note_on_c;77
2;77160; Note_off_c;77
2;77160; Note_on_c;76
2;77280; Note_off_c;76
2;77280; Note_on_c;74
2;77280; Note_on_c;55
2;77280; Note_on_c;59
2;77400; Note_off_c;74
2;77400; Note_on_c;79
2;77520; Note_off_c;59
2;77520; Note_off_c;55
2;77520; Note_off_c;79
2;77520; Note_on_c;77
2;77640; Note_off_c;77
2;77640; Note_on_c;74
2;77760; Note_off_c;74
2;77760; Note_on_c;76
2;77760; Note_on_c;56
2;77760; Note_on_c;59
2;77880; Note_off_c;76
2;77880; Note_on_c;77
2;78000; Note_off_c;59
2;78000; Note_off_c;56
2;78000; Note_off_c;77
2;78000; Note_on_c;76
2;78120; Note_off_c;76
2;78120; Note_on_c;75
2;78240; Note_off_c;75
2;78240; Note_on_c;76
2;78360; Note_off_c;76
2;78360; Note_on_c;71
2;78480; Note_off_c;71
2;78480; Note_on_c;76
2;78600; Note_off_c;76
2;78600; Note_on_c;75
2;78720; Note_off_c;75
2;78720; Note_on_c;76
2;78840; Note_off_c;76
2;78840; Note_on_c;71
2;78960; Note_off_c;71
2;78960; Note_on_c;76
2;79080; Note_off_c;76
2;79080; Note_on_c;75
2;79200; Note_off_c;75
2;79200; Note_on_c;76
2;79920; Note_off_c;76
2;79920; Note_on_c;71
2;80160; Note_off_c;71
2;80160; Note_on_c;76
2;80400; Note_off_c;76
2;80400; Note_on_c;75
2;80640; Note_off_c;75
2;80640; Note_on_c;76
2;81360; Note_off_c;76
2;81360; Note_on_c;71
2;81600; Note_off_c;71
2;81600; Note_on_c;76
2;81840; Note_off_c;76
2;81840; Note_on_c;75
2;82080; Note_off_c;75
2;82080; Note_on_c;76
2;82320; Note_off_c;76
2;82320; Note_on_c;75
2;82560; Note_off_c;75
2;82560; Note_on_c;76
2;82800; Note_off_c;76
2;82800; Note_on_c;75
2;83040; Note_off_c;75
2;83040; Note_on_c;76
2;83280; Note_off_c;76
2;83280; Note_on_c;75
2;83520; Note_off_c;75
2;83520; Note_on_c;76
2;83760; Note_off_c;76
2;83760; Note_on_c;75
2;84000; Note_off_c;75
2;84000; Note_on_c;76
2;84240; Note_off_c;76
2;84240; Note_on_c;71
2;84480; Note_off_c;71
2;84480; Note_on_c;74
2;84720; Note_off_c;74
2;84720; Note_on_c;72
2;84960; Note_off_c;72
2;84960; Note_on_c;69
2;84960; Note_on_c;45
2;85200; Note_off_c;45
2;85200; Note_on_c;52
2;85440; Note_off_c;52
2;85440; Note_on_c;57
2;85680; Note_off_c;69
2;85680; Note_off_c;57
2;85680; Note_on_c;60
2;85920; Note_off_c;60
2;85920; Note_on_c;64
2;86160; Note_off_c;64
2;86160; Note_on_c;69
2;86400; Note_off_c;69
2;86400; Note_on_c;71
2;86400; Note_on_c;40
2;86640; Note_off_c;40
2;86640; Note_on_c;52
2;86880; Note_off_c;52
2;86880; Note_on_c;56
2;87120; Note_off_c;71
2;87120; Note_off_c;56
2;87120; Note_on_c;64
2;87360; Note_off_c;64
2;87360; Note_on_c;68
2;87600; Note_off_c;68
2;87600; Note_on_c;71
2;87840; Note_off_c;71
2;87840; Note_on_c;72
2;87840; Note_on_c;45
2;88080; Note_off_c;45
2;88080; Note_on_c;52
2;88320; Note_off_c;52
2;88320; Note_on_c;57
2;88560; Note_off_c;72
2;88560; Note_off_c;57
2;88560; Note_on_c;64
2;88800; Note_off_c;64
2;88800; Note_on_c;76
2;89040; Note_off_c;76
2;89040; Note_on_c;75
2;89280; Note_off_c;75
2;89280; Note_on_c;76
2;89520; Note_off_c;76
2;89520; Note_on_c;75
2;89760; Note_off_c;75
2;89760; Note_on_c;76
2;90000; Note_off_c;76
2;90000; Note_on_c;71
2;90240; Note_off_c;71
2;90240; Note_on_c;74
2;90480; Note_off_c;74
2;90480; Note_on_c;72
2;90720; Note_off_c;72
2;90720; Note_on_c;69
2;90720; Note_on_c;45
2;90960; Note_off_c;45
2;90960; Note_on_c;52
2;91200; Note_off_c;52
2;91200; Note_on_c;57
2;91440; Note_off_c;69
2;91440; Note_off_c;57
2;91440; Note_on_c;60
2;91680; Note_off_c;60
2;91680; Note_on_c;64
2;91920; Note_off_c;64
2;91920; Note_on_c;69
2;92160; Note_off_c;69
2;92160; Note_on_c;71
2;92160; Note_on_c;40
2;92400; Note_off_c;40
2;92400; Note_on_c;52
2;92640; Note_off_c;52
2;92640; Note_on_c;56
2;92880; Note_off_c;71
2;92880; Note_off_c;56
2;92880; Note_on_c;64
2;93120; Note_off_c;64
2;93120; Note_on_c;72
2;93360; Note_off_c;72
2;93360; Note_on_c;71
2;93600; Note_off_c;71
2;93600; Note_on_c;69
2;93600; Note_on_c;45
2;93840; Note_off_c;45
2;93840; Note_on_c;52
2;94080; Note_off_c;52
2;94080; Note_on_c;57
2;94320; Note_off_c;69
2;94320; Note_off_c;57
2;94560; Note_on_c;76
2;94800; Note_off_c;76
2;94800; Note_on_c;75
2;95040; Note_off_c;75
2;95040; Note_on_c;76
2;95280; Note_off_c;76
2;95280; Note_on_c;75
2;95520; Note_off_c;75
2;95520; Note_on_c;76
2;95760; Note_off_c;76
2;95760; Note_on_c;71
2;96000; Note_off_c;71
2;96000; Note_on_c;74
2;96240; Note_off_c;74
2;96240; Note_on_c;72
2;96480; Note_off_c;72
2;96480; Note_on_c;69
2;96480; Note_on_c;45
2;96720; Note_off_c;45
2;96720; Note_on_c;52
2;96960; Note_off_c;52
2;96960; Note_on_c;57
2;97200; Note_off_c;57
2;97200; Note_off_c;69
2;97200; Note_on_c;60
2;97440; Note_off_c;60
2;97440; Note_on_c;64
2;97680; Note_off_c;64
2;97680; Note_on_c;69
2;97920; Note_off_c;69
2;97920; Note_on_c;71
2;97920; Note_on_c;40
2;98160; Note_off_c;40
2;98160; Note_on_c;52
2;98400; Note_off_c;52
2;98400; Note_on_c;56
2;98640; Note_off_c;56
2;98640; Note_off_c;71
2;98640; Note_on_c;64
2;98880; Note_off_c;64
2;98880; Note_on_c;68
2;99120; Note_off_c;68
2;99120; Note_on_c;71
2;99360; Note_off_c;71
2;99360; Note_on_c;72
2;99360; Note_on_c;45
2;99600; Note_off_c;45
2;99600; Note_on_c;52
2;99840; Note_off_c;52
2;99840; Note_off_c;72
2;99840; Note_on_c;57
2;100080; Note_off_c;57
2;100080; Note_on_c;64
2;100320; Note_off_c;64
2;100320; Note_on_c;76
2;100560; Note_off_c;76
2;100560; Note_on_c;75
2;100800; Note_off_c;75
2;100800; Note_on_c;76
2;101040; Note_off_c;76
2;101040; Note_on_c;75
2;101280; Note_off_c;75
2;101280; Note_on_c;76
2;101520; Note_off_c;76
2;101520; Note_on_c;71
2;101760; Note_off_c;71
2;101760; Note_on_c;74
2;102000; Note_off_c;74
2;102000; Note_on_c;72
2;102240; Note_off_c;72
2;102240; Note_on_c;69
2;102240; Note_on_c;45
2;102480; Note_off_c;45
2;102480; Note_on_c;52
2;102720; Note_off_c;52
2;102720; Note_off_c;69
2;102720; Note_on_c;57
2;102960; Note_off_c;57
2;102960; Note_on_c;60
2;103200; Note_off_c;60
2;103200; Note_on_c;64
2;103440; Note_off_c;64
2;103440; Note_on_c;69
2;103680; Note_off_c;69
2;103680; Note_on_c;71
2;103680; Note_on_c;40
2;103920; Note_off_c;40
2;103920; Note_on_c;52
2;104160; Note_off_c;52
2;104160; Note_off_c;71
2;104160; Note_on_c;56
2;104400; Note_off_c;56
2;104400; Note_on_c;64
2;104640; Note_off_c;64
2;104640; Note_on_c;72
2;104880; Note_off_c;72
2;104880; Note_on_c;71
2;105120; Note_off_c;71
2;105120; Note_on_c;69
2;105120; Note_on_c;45
2;105360; Note_off_c;45
2;105360; Note_on_c;52
2;105600; Note_off_c;69
2;105600; Note_off_c;52
2;105600; Note_on_c;57
2;105840; Note_off_c;57
2;105840; Note_on_c;71
2;106080; Note_off_c;71
2;106080; Note_on_c;72
2;106320; Note_off_c;72
2;106320; Note_on_c;74
2;106560; Note_off_c;74
2;106560; Note_on_c;76
2;106560; Note_on_c;48
2;106800; Note_off_c;48
2;106800; Note_on_c;55
2;107040; Note_off_c;55
2;107040; Note_on_c;60
2;107280; Note_off_c;76
2;107280; Note_off_c;60
2;107280; Note_on_c;67
2;107520; Note_off_c;67
2;107520; Note_on_c;77
2;107760; Note_off_c;77
2;107760; Note_on_c;76
2;108000; Note_off_c;76
2;108000; Note_on_c;74
2;108000; Note_on_c;43
2;108240; Note_off_c;43
2;108240; Note_on_c;55
2;108480; Note_off_c;55
2;108480; Note_on_c;59
2;108720; Note_off_c;74
2;108720; Note_off_c;59
2;108720; Note_on_c;65
2;108960; Note_off_c;65
2;108960; Note_on_c;76
2;109200; Note_off_c;76
2;109200; Note_on_c;74
2;109440; Note_off_c;74
2;109440; Note_on_c;72
2;109440; Note_on_c;45
2;109680; Note_off_c;45
2;109680; Note_on_c;52
2;109920; Note_off_c;52
2;109920; Note_on_c;57
2;110160; Note_off_c;57
2;110160; Note_off_c;72
2;110160; Note_on_c;64
2;110400; Note_off_c;64
2;110400; Note_on_c;74
2;110640; Note_off_c;74
2;110640; Note_on_c;72
2;110880; Note_off_c;72
2;110880; Note_on_c;71
2;110880; Note_on_c;40
2;111120; Note_off_c;40
2;111120; Note_on_c;52
2;111360; Note_off_c;52
2;111360; Note_off_c;71
2;111360; Note_on_c;64
2;111600; Note_off_c;64
2;111600; Note_on_c;64
2;111840; Note_off_c;64
2;111840; Note_on_c;76
2;112080; Note_off_c;76
2;112080; Note_on_c;64
2;112320; Note_off_c;64
2;112320; Note_on_c;76
2;112560; Note_off_c;76
2;112560; Note_on_c;76
2;112800; Note_off_c;76
2;112800; Note_on_c;88
2;113040; Note_off_c;88
2;113040; Note_on_c;75
2;113280; Note_off_c;75
2;113280; Note_on_c;76
2;113520; Note_off_c;76
2;113520; Note_on_c;75
2;113760; Note_off_c;75
2;113760; Note_on_c;76
2;114000; Note_off_c;76
2;114000; Note_on_c;75
2;114240; Note_off_c;75
2;114240; Note_on_c;76
2;114480; Note_off_c;76
2;114480; Note_on_c;71
2;114720; Note_off_c;71
2;114720; Note_on_c;74
2;114960; Note_off_c;74
2;114960; Note_on_c;72
2;115200; Note_off_c;72
2;115200; Note_on_c;69
2;115200; Note_on_c;45
2;115440; Note_off_c;45
2;115440; Note_on_c;52
2;115680; Note_off_c;52
2;115680; Note_off_c;69
2;115680; Note_on_c;57
2;115920; Note_off_c;57
2;115920; Note_on_c;60
2;116160; Note_off_c;60
2;116160; Note_on_c;64
2;116400; Note_off_c;64
2;116400; Note_on_c;69
2;116640; Note_off_c;69
2;116640; Note_on_c;71
2;116640; Note_on_c;40
2;116880; Note_off_c;40
2;116880; Note_on_c;52
2;117120; Note_off_c;52
2;117120; Note_off_c;71
2;117120; Note_on_c;56
2;117360; Note_off_c;56
2;117360; Note_on_c;64
2;117600; Note_off_c;64
2;117600; Note_on_c;68
2;117840; Note_off_c;68
2;117840; Note_on_c;71
2;118080; Note_off_c;71
2;118080; Note_on_c;72
2;118080; Note_on_c;45
2;118320; Note_off_c;45
2;118320; Note_on_c;52
2;118560; Note_off_c;52
2;118560; Note_off_c;72
2;118560; Note_on_c;57
2;118800; Note_off_c;57
2;118800; Note_on_c;64
2;119040; Note_off_c;64
2;119040; Note_on_c;76
2;119280; Note_off_c;76
2;119280; Note_on_c;75
2;119520; Note_off_c;75
2;119520; Note_on_c;76
2;119760; Note_off_c;76
2;119760; Note_on_c;75
2;120000; Note_off_c;75
2;120000; Note_on_c;76
2;120240; Note_off_c;76
2;120240; Note_on_c;71
2;120480; Note_off_c;71
2;120480; Note_on_c;74
2;120720; Note_off_c;74
2;120720; Note_on_c;72
2;120960; Note_off_c;72
2;120960; Note_on_c;69
2;120960; Note_on_c;45
2;121200; Note_off_c;45
2;121200; Note_on_c;52
2;121440; Note_off_c;52
2;121440; Note_off_c;69
2;121440; Note_on_c;57
2;121680; Note_off_c;57
2;121680; Note_on_c;60
2;121920; Note_off_c;60
2;121920; Note_on_c;64
2;122160; Note_off_c;64
2;122160; Note_on_c;69
2;122400; Note_off_c;69
2;122400; Note_on_c;71
2;122400; Note_on_c;40
2;122640; Note_off_c;40
2;122640; Note_on_c;52
2;122880; Note_off_c;52
2;122880; Note_off_c;71
2;122880; Note_on_c;56
2;123120; Note_off_c;56
2;123120; Note_on_c;64
2;123360; Note_off_c;64
2;123360; Note_on_c;72
2;123600; Note_off_c;72
2;123600; Note_on_c;71
2;123840; Note_off_c;71
2;123840; Note_on_c;45
2;123840; Note_on_c;69
2;123960; Note_off_c;45
2;124080; Note_on_c;45
2;124200; Note_off_c;45
2;124320; Note_off_c;69
2;124320; Note_on_c;45
2;124440; Note_off_c;45
2;124560; Note_on_c;45
2;124680; Note_off_c;45
2;124800; Note_on_c;45
2;124920; Note_off_c;45
2;125040; Note_on_c;45
2;125160; Note_off_c;45
2;125280; Note_on_c;45
2;125280; Note_on_c;64
2;125280; Note_on_c;67
2;125280; Note_on_c;70
2;125280; Note_on_c;73
2;125400; Note_off_c;45
2;125520; Note_on_c;45
2;125640; Note_off_c;45
2;125760; Note_on_c;45
2;125880; Note_off_c;45
2;126000; Note_on_c;45
2;126120; Note_off_c;45
2;126240; Note_on_c;45
2;126360; Note_off_c;45
2;126480; Note_on_c;45
2;126600; Note_off_c;45
2;126720; Note_off_c;64
2;126720; Note_off_c;67
2;126720; Note_off_c;70
2;126720; Note_off_c;73
2;126720; Note_on_c;45
2;126720; Note_on_c;74
2;126720; Note_on_c;65
2;126720; Note_on_c;69
2;126840; Note_off_c;45
2;126960; Note_on_c;45
2;127080; Note_off_c;45
2;127200; Note_on_c;45
2;127320; Note_off_c;45
2;127440; Note_on_c;45
2;127560; Note_off_c;45
2;127680; Note_off_c;69
2;127680; Note_off_c;65
2;127680; Note_off_c;74
2;127680; Note_on_c;45
2;127680; Note_on_c;73
2;127680; Note_on_c;76
2;127800; Note_off_c;45
2;127920; Note_off_c;76
2;127920; Note_off_c;73
2;127920; Note_on_c;45
2;127920; Note_on_c;74
2;127920; Note_on_c;77
2;128040; Note_off_c;45
2;128160; Note_off_c;77
2;128160; Note_off_c;74
2;128160; Note_on_c;45
2;128160; Note_on_c;77
2;128160; Note_on_c;74
2;128160; Note_on_c;68
2;128280; Note_off_c;45
2;128400; Note_on_c;45
2;128520; Note_off_c;45
2;128640; Note_on_c;45
2;128760; Note_off_c;45
2;128880; Note_on_c;45
2;129000; Note_off_c;45
2;129120; Note_off_c;68
2;129120; Note_off_c;74
2;129120; Note_off_c;77
2;129120; Note_on_c;45
2;129120; Note_on_c;77
2;129120; Note_on_c;74
2;129120; Note_on_c;68
2;129240; Note_off_c;45
2;129360; Note_on_c;45
2;129480; Note_off_c;45
2;129600; Note_off_c;68
2;129600; Note_off_c;74
2;129600; Note_off_c;77
2;129600; Note_on_c;45
2;129600; Note_on_c;69
2;129600; Note_on_c;72
2;129600; Note_on_c;76
2;129720; Note_off_c;45
2;129840; Note_on_c;45
2;129960; Note_off_c;45
2;130080; Note_on_c;45
2;130200; Note_off_c;45
2;130320; Note_on_c;45
2;130440; Note_off_c;45
2;130560; Note_on_c;45
2;130680; Note_off_c;45
2;130800; Note_on_c;45
2;130920; Note_off_c;45
2;131040; Note_off_c;76
2;131040; Note_off_c;72
2;131040; Note_off_c;69
2;131040; Note_on_c;45
2;131040; Note_on_c;38
2;131040; Note_on_c;74
2;131040; Note_on_c;65
2;131160; Note_off_c;38
2;131160; Note_off_c;45
2;131280; Note_on_c;45
2;131280; Note_on_c;38
2;131400; Note_off_c;38
2;131400; Note_off_c;45
2;131520; Note_on_c;45
2;131520; Note_on_c;38
2;131640; Note_off_c;38
2;131640; Note_off_c;45
2;131760; Note_on_c;45
2;131760; Note_on_c;38
2;131880; Note_off_c;38
2;131880; Note_off_c;45
2;132000; Note_off_c;65
2;132000; Note_off_c;74
2;132000; Note_on_c;45
2;132000; Note_on_c;38
2;132000; Note_on_c;72
2;132000; Note_on_c;64
2;132120; Note_off_c;38
2;132120; Note_off_c;45
2;132240; Note_off_c;64
2;132240; Note_off_c;72
2;132240; Note_on_c;45
2;132240; Note_on_c;38
2;132240; Note_on_c;71
2;132240; Note_on_c;62
2;132360; Note_off_c;38
2;132360; Note_off_c;45
2;132480; Note_off_c;62
2;132480; Note_off_c;71
2;132480; Note_on_c;39
2;132480; Note_on_c;45
2;132480; Note_on_c;60
2;132480; Note_on_c;66
2;132480; Note_on_c;69
2;132600; Note_off_c;45
2;132600; Note_off_c;39
2;132720; Note_on_c;45
2;132720; Note_on_c;39
2;132780; Note_off_c;39
2;132840; Note_off_c;45
2;132960; Note_on_c;45
2;132960; Note_on_c;39
2;133020; Note_off_c;39
2;133080; Note_off_c;45
2;133200; Note_on_c;45
2;133200; Note_on_c;39
2;133215; Note_off_c;39
2;133320; Note_off_c;45
2;133440; Note_off_c;69
2;133440; Note_off_c;66
2;133440; Note_off_c;60
2;133440; Note_on_c;45
2;133440; Note_on_c;60
2;133440; Note_on_c;69
2;133440; Note_on_c;39
2;133500; Note_off_c;39
2;133560; Note_off_c;45
2;133680; Note_on_c;45
2;133680; Note_on_c;39
2;133740; Note_off_c;39
2;133800; Note_off_c;45
2;133920; Note_off_c;69
2;133920; Note_off_c;60
2;133920; Note_on_c;45
2;133920; Note_on_c;40
2;133920; Note_on_c;69
2;133920; Note_on_c;60
2;134040; Note_off_c;40
2;134040; Note_off_c;45
2;134160; Note_on_c;45
2;134160; Note_on_c;40
2;134280; Note_off_c;40
2;134280; Note_off_c;45
2;134400; Note_off_c;60
2;134400; Note_off_c;69
2;134400; Note_on_c;45
2;134400; Note_on_c;40
2;134400; Note_on_c;72
2;134400; Note_on_c;64
2;134520; Note_off_c;40
2;134520; Note_off_c;45
2;134640; Note_on_c;45
2;134640; Note_on_c;40
2;134760; Note_off_c;40
2;134760; Note_off_c;45
2;134880; Note_off_c;64
2;134880; Note_off_c;72
2;134880; Note_on_c;44
2;134880; Note_on_c;40
2;134880; Note_on_c;71
2;134880; Note_on_c;62
2;135000; Note_off_c;40
2;135000; Note_off_c;44
2;135120; Note_on_c;44
2;135120; Note_on_c;40
2;135240; Note_off_c;40
2;135240; Note_off_c;44
2;135360; Note_off_c;62
2;135360; Note_off_c;71
2;135360; Note_on_c;45
2;135360; Note_on_c;33
2;135360; Note_on_c;69
2;135360; Note_on_c;60
2;135480; Note_off_c;33
2;135480; Note_off_c;45
2;135600; Note_on_c;45
2;135720; Note_off_c;45
2;135840; Note_on_c;45
2;135960; Note_off_c;45
2;136080; Note_on_c;45
2;136200; Note_off_c;45
2;136320; Note_on_c;45
2;136440; Note_off_c;45
2;136560; Note_on_c;45
2;136680; Note_off_c;45
2;136800; Note_off_c;60
2;136800; Note_off_c;69
2;136800; Note_on_c;45
2;136800; Note_on_c;64
2;136800; Note_on_c;67
2;136800; Note_on_c;70
2;136800; Note_on_c;73
2;136920; Note_off_c;45
2;137040; Note_on_c;45
2;137160; Note_off_c;45
2;137280; Note_on_c;45
2;137400; Note_off_c;45
2;137520; Note_on_c;45
2;137640; Note_off_c;45
2;137760; Note_on_c;45
2;137880; Note_off_c;45
2;138000; Note_on_c;45
2;138120; Note_off_c;45
2;138240; Note_off_c;64
2;138240; Note_off_c;73
2;138240; Note_off_c;70
2;138240; Note_off_c;67
2;138240; Note_on_c;45
2;138240; Note_on_c;74
2;138240; Note_on_c;69
2;138240; Note_on_c;65
2;138360; Note_off_c;45
2;138480; Note_on_c;45
2;138600; Note_off_c;45
2;138720; Note_on_c;45
2;138840; Note_off_c;45
2;138960; Note_on_c;45
2;139080; Note_off_c;45
2;139200; Note_off_c;65
2;139200; Note_off_c;69
2;139200; Note_off_c;74
2;139200; Note_on_c;45
2;139200; Note_on_c;73
2;139200; Note_on_c;76
2;139320; Note_off_c;45
2;139440; Note_off_c;76
2;139440; Note_off_c;73
2;139440; Note_on_c;45
2;139440; Note_on_c;74
2;139440; Note_on_c;77
2;139560; Note_off_c;45
2;139680; Note_off_c;77
2;139680; Note_off_c;74
2;139680; Note_on_c;45
2;139680; Note_on_c;74
2;139680; Note_on_c;77
2;139800; Note_off_c;45
2;139920; Note_on_c;45
2;140040; Note_off_c;45
2;140160; Note_on_c;45
2;140280; Note_off_c;45
2;140400; Note_on_c;45
2;140520; Note_off_c;45
2;140640; Note_off_c;77
2;140640; Note_off_c;74
2;140640; Note_on_c;45
2;140640; Note_on_c;74
2;140640; Note_on_c;77
2;140760; Note_off_c;45
2;140880; Note_on_c;45
2;141000; Note_off_c;45
2;141120; Note_off_c;77
2;141120; Note_off_c;74
2;141120; Note_on_c;46
2;141120; Note_on_c;77
2;141120; Note_on_c;74
2;141240; Note_off_c;46
2;141360; Note_on_c;46
2;141480; Note_off_c;46
2;141600; Note_on_c;46
2;141720; Note_off_c;46
2;141840; Note_on_c;46
2;141960; Note_off_c;46
2;142080; Note_on_c;46
2;142200; Note_off_c;46
2;142320; Note_on_c;46
2;142440; Note_off_c;46
2;142560; Note_off_c;77
2;142560; Note_off_c;74
2;142560; Note_on_c;46
2;142560; Note_on_c;75
2;142560; Note_on_c;67
2;142680; Note_off_c;46
2;142800; Note_on_c;46
2;142920; Note_off_c;46
2;143040; Note_on_c;46
2;143160; Note_off_c;46
2;143280; Note_on_c;46
2;143400; Note_off_c;46
2;143520; Note_off_c;67
2;143520; Note_off_c;75
2;143520; Note_on_c;46
2;143520; Note_on_c;74
2;143520; Note_on_c;65
2;143640; Note_off_c;46
2;143760; Note_off_c;65
2;143760; Note_off_c;74
2;143760; Note_on_c;46
2;143760; Note_on_c;72
2;143760; Note_on_c;63
2;143880; Note_off_c;46
2;144000; Note_off_c;63
2;144000; Note_off_c;72
2;144000; Note_on_c;46
2;144000; Note_on_c;70
2;144000; Note_on_c;65
2;144000; Note_on_c;62
2;144120; Note_off_c;46
2;144240; Note_on_c;46
2;144360; Note_off_c;46
2;144480; Note_on_c;46
2;144600; Note_off_c;46
2;144720; Note_on_c;46
2;144840; Note_off_c;46
2;144960; Note_off_c;62
2;144960; Note_off_c;65
2;144960; Note_off_c;70
2;144960; Note_on_c;46
2;144960; Note_on_c;62
2;144960; Note_on_c;65
2;144960; Note_on_c;69
2;145080; Note_off_c;46
2;145200; Note_on_c;46
2;145320; Note_off_c;46
2;145440; Note_off_c;69
2;145440; Note_off_c;65
2;145440; Note_off_c;62
2;145440; Note_on_c;47
2;145440; Note_on_c;62
2;145440; Note_on_c;65
2;145440; Note_on_c;68
2;145680; Note_off_c;47
2;145680; Note_on_c;47
2;145920; Note_off_c;47
2;145920; Note_on_c;47
2;146160; Note_off_c;47
2;146160; Note_on_c;47
2;146400; Note_off_c;68
2;146400; Note_off_c;65
2;146400; Note_off_c;62
2;146400; Note_off_c;47
2;146400; Note_on_c;47
2;146400; Note_on_c;62
2;146400; Note_on_c;65
2;146400; Note_on_c;68
2;146640; Note_off_c;47
2;146640; Note_on_c;47
2;146880; Note_off_c;68
2;146880; Note_off_c;65
2;146880; Note_off_c;62
2;146880; Note_off_c;47
2;146880; Note_on_c;60
2;146880; Note_on_c;64
2;146880; Note_on_c;69
2;146880; Note_on_c;48
2;147840; Note_off_c;48
2;147840; Note_off_c;69
2;147840; Note_off_c;64
2;147840; Note_off_c;60
2;148320; Note_on_c;71
2;148320; Note_on_c;64
2;148320; Note_on_c;65
2;148320; Note_on_c;52
2;148320; Note_on_c;56
2;148560; Note_off_c;56
2;148560; Note_off_c;52
2;148560; Note_off_c;65
2;148560; Note_off_c;64
2;148560; Note_off_c;71
2;149760; Note_on_c;60
2;149920; Note_off_c;60
2;149920; Note_on_c;60
2;150080; Note_off_c;60
2;150080; Note_on_c;64
2;150240; Note_off_c;64
2;150240; Note_on_c;69
2;150400; Note_off_c;69
2;150400; Note_on_c;72
2;150560; Note_off_c;72
2;150560; Note_on_c;76
2;150720; Note_off_c;76
2;150720; Note_on_c;74
2;150720; Note_on_c;57
2;150720; Note_on_c;60
2;150720; Note_on_c;64
2;150880; Note_off_c;74
2;150880; Note_on_c;72
2;151040; Note_off_c;72
2;151040; Note_on_c;71
2;151200; Note_off_c;64
2;151200; Note_off_c;60
2;151200; Note_off_c;57
2;151200; Note_off_c;71
2;151200; Note_on_c;69
2;151200; Note_on_c;64
2;151200; Note_on_c;60
2;151200; Note_on_c;57
2;151360; Note_off_c;69
2;151360; Note_on_c;72
2;151520; Note_off_c;72
2;151520; Note_on_c;76
2;151680; Note_off_c;57
2;151680; Note_off_c;60
2;151680; Note_off_c;64
2;151680; Note_off_c;76
2;151680; Note_on_c;81
2;151840; Note_off_c;81
2;151840; Note_on_c;84
2;152000; Note_off_c;84
2;152000; Note_on_c;88
2;152160; Note_off_c;88
2;152160; Note_on_c;86
2;152160; Note_on_c;64
2;152160; Note_on_c;60
2;152160; Note_on_c;57
2;152320; Note_off_c;86
2;152320; Note_on_c;84
2;152480; Note_off_c;84
2;152480; Note_on_c;83
2;152640; Note_off_c;57
2;152640; Note_off_c;60
2;152640; Note_off_c;64
2;152640; Note_off_c;83
2;152640; Note_on_c;81
2;152640; Note_on_c;64
2;152640; Note_on_c;60
2;152640; Note_on_c;57
2;152800; Note_off_c;81
2;152800; Note_on_c;84
2;152960; Note_off_c;84
2;152960; Note_on_c;88
2;153120; Note_off_c;57
2;153120; Note_off_c;60
2;153120; Note_off_c;64
2;153120; End_track;
