6;1536;Note_on_c;31
6;1536;Note_on_c;43
6;1536;Note_on_c;55
6;1572;Note_off_c;43
6;1572;Note_off_c;31
6;1596;Note_off_c;55
6;1916;Note_on_c;55
6;1916;Note_on_c;43
6;1916;Note_on_c;31
6;1948;Note_off_c;31
6;1948;Note_off_c;43
6;1952;Note_off_c;55
6;2104;Note_on_c;31
6;2104;Note_on_c;43
6;2112;Note_on_c;55
6;2136;Note_off_c;43
6;2136;Note_off_c;31
6;2148;Note_off_c;55
6;2168;Note_on_c;43
6;2168;Note_on_c;31
6;2172;Note_on_c;55
6;2200;Note_off_c;31
6;2200;Note_off_c;43
6;2208;Note_off_c;55
6;2228;Note_on_c;31
6;2228;Note_on_c;43
6;2236;Note_on_c;55
6;2256;Note_off_c;43
6;2256;Note_off_c;31
6;2272;Note_off_c;55
6;2300;Note_on_c;43
6;2300;Note_on_c;31
6;2304;Note_on_c;55
6;2340;Note_off_c;55
6;2360;Note_off_c;31
6;2360;Note_off_c;43
6;2492;Note_on_c;31
6;2492;Note_on_c;43
6;2496;Note_on_c;55
6;2528;Note_off_c;43
6;2528;Note_off_c;31
6;2532;Note_off_c;55
6;2556;Note_on_c;43
6;2556;Note_on_c;31
6;2560;Note_on_c;55
6;2588;Note_off_c;31
6;2588;Note_off_c;43
6;2596;Note_off_c;55
6;2616;Note_on_c;55
6;2620;Note_on_c;31
6;2620;Note_on_c;43
6;2656;Note_off_c;43
6;2656;Note_off_c;31
6;2656;Note_off_c;55
6;2680;Note_on_c;39
6;2680;Note_on_c;27
6;2684;Note_on_c;54
6;2716;Note_off_c;27
6;2716;Note_off_c;39
6;2724;Note_off_c;54
6;2744;Note_on_c;27
6;2744;Note_on_c;39
6;2748;Note_on_c;54
6;2780;Note_off_c;39
6;2780;Note_off_c;27
6;2788;Note_off_c;54
6;2804;Note_on_c;39
6;2804;Note_on_c;27
6;2808;Note_on_c;54
6;2836;Note_off_c;27
6;2836;Note_off_c;39
6;2844;Note_off_c;54
6;2872;Note_on_c;27
6;2872;Note_on_c;39
6;2876;Note_on_c;54
6;2916;Note_off_c;54
6;2916;Note_off_c;39
6;2916;Note_off_c;27
6;3072;Note_on_c;55
6;3072;Note_on_c;43
6;3072;Note_on_c;31
6;3108;Note_off_c;31
6;3108;Note_off_c;43
6;3108;Note_off_c;55
6;3460;Note_on_c;31
6;3460;Note_on_c;43
6;3460;Note_on_c;55
6;3484;Note_off_c;43
6;3484;Note_off_c;31
6;3496;Note_off_c;55
6;3648;Note_on_c;43
6;3648;Note_on_c;31
6;3652;Note_on_c;55
6;3680;Note_off_c;31
6;3680;Note_off_c;43
6;3688;Note_off_c;55
6;3712;Note_on_c;31
6;3712;Note_on_c;43
6;3716;Note_on_c;55
6;3740;Note_off_c;43
6;3740;Note_off_c;31
6;3752;Note_off_c;55
6;3776;Note_on_c;43
6;3776;Note_on_c;31
6;3780;Note_on_c;55
6;3812;Note_off_c;31
6;3812;Note_off_c;43
6;3816;Note_off_c;55
6;3840;Note_on_c;31
6;3840;Note_on_c;43
6;3840;Note_on_c;55
6;3872;Note_off_c;43
6;3872;Note_off_c;31
6;3876;Note_off_c;55
6;4036;Note_on_c;55
6;4044;Note_on_c;43
6;4044;Note_on_c;31
6;4072;Note_off_c;55
6;4080;Note_off_c;31
6;4080;Note_off_c;43
6;4100;Note_on_c;55
6;4112;Note_on_c;31
6;4112;Note_on_c;43
6;4136;Note_off_c;55
6;4144;Note_off_c;43
6;4144;Note_off_c;31
6;4160;Note_on_c;55
6;4168;Note_on_c;43
6;4168;Note_on_c;31
6;4200;Note_off_c;55
6;4204;Note_off_c;31
6;4204;Note_off_c;43
6;4224;Note_on_c;54
6;4228;Note_on_c;27
6;4228;Note_on_c;39
6;4264;Note_off_c;39
6;4264;Note_off_c;27
6;4264;Note_off_c;54
6;4284;Note_on_c;54
6;4292;Note_on_c;39
6;4292;Note_on_c;27
6;4328;Note_off_c;54
6;4332;Note_off_c;27
6;4332;Note_off_c;39
6;4344;Note_on_c;54
6;4348;Note_on_c;27
6;4348;Note_on_c;39
6;4380;Note_off_c;54
6;4384;Note_off_c;39
6;4384;Note_off_c;27
6;4412;Note_on_c;54
6;4416;Note_on_c;39
6;4416;Note_on_c;27
6;4452;Note_off_c;27
6;4452;Note_off_c;39
6;4452;Note_off_c;54
6;4612;Note_on_c;55
6;4612;Note_on_c;31
6;4612;Note_on_c;43
6;4648;Note_off_c;43
6;4648;Note_off_c;31
6;4648;Note_off_c;55
6;4992;Note_on_c;55
6;4996;Note_on_c;43
6;4996;Note_on_c;31
6;5028;Note_off_c;55
6;5036;Note_off_c;31
6;5036;Note_off_c;43
6;5180;Note_on_c;55
6;5192;Note_on_c;31
6;5192;Note_on_c;43
6;5216;Note_off_c;55
6;5224;Note_off_c;43
6;5224;Note_off_c;31
6;5240;Note_on_c;55
6;5252;Note_on_c;43
6;5252;Note_on_c;31
6;5276;Note_off_c;55
6;5288;Note_off_c;31
6;5288;Note_off_c;43
6;5304;Note_on_c;55
6;5316;Note_on_c;31
6;5316;Note_on_c;43
6;5340;Note_off_c;55
6;5356;Note_off_c;43
6;5356;Note_off_c;31
6;5364;Note_on_c;55
6;5376;Note_on_c;43
6;5376;Note_on_c;31
6;5400;Note_off_c;55
6;5416;Note_off_c;31
6;5416;Note_off_c;43
6;5564;Note_on_c;55
6;5572;Note_on_c;31
6;5572;Note_on_c;43
6;5600;Note_off_c;55
6;5608;Note_off_c;43
6;5608;Note_off_c;31
6;5628;Note_on_c;55
6;5636;Note_on_c;43
6;5636;Note_on_c;31
6;5668;Note_off_c;31
6;5668;Note_off_c;43
6;5668;Note_off_c;55
6;5692;Note_on_c;55
6;5700;Note_on_c;31
6;5700;Note_on_c;43
6;5728;Note_off_c;55
6;5740;Note_off_c;43
6;5740;Note_off_c;31
6;5752;Note_on_c;54
6;5760;Note_on_c;39
6;5760;Note_on_c;27
6;5792;Note_off_c;54
6;5796;Note_off_c;27
6;5796;Note_off_c;39
6;5812;Note_on_c;54
6;5824;Note_on_c;27
6;5824;Note_on_c;39
6;5856;Note_off_c;54
6;5864;Note_off_c;39
6;5864;Note_off_c;27
6;5876;Note_on_c;54
6;5888;Note_on_c;39
6;5888;Note_on_c;27
6;5912;Note_off_c;54
6;5924;Note_off_c;27
6;5924;Note_off_c;39
6;5944;Note_on_c;54
6;5956;Note_on_c;27
6;5956;Note_on_c;39
6;5984;Note_off_c;54
6;5996;Note_off_c;39
6;5996;Note_off_c;27
6;6136;Note_on_c;43
6;6136;Note_on_c;31
6;6144;Note_on_c;55
6;6176;Note_off_c;31
6;6176;Note_off_c;43
6;6180;Note_off_c;55
6;6524;Note_on_c;31
6;6524;Note_on_c;43
6;6524;Note_on_c;55
6;6560;Note_off_c;55
6;6564;Note_off_c;43
6;6564;Note_off_c;31
6;6720;Note_on_c;43
6;6720;Note_on_c;31
6;6724;Note_on_c;55
6;6760;Note_off_c;55
6;6760;Note_off_c;31
6;6760;Note_off_c;43
6;6784;Note_on_c;55
6;6784;Note_on_c;31
6;6784;Note_on_c;43
6;6820;Note_off_c;43
6;6820;Note_off_c;31
6;6820;Note_off_c;55
6;6848;Note_on_c;43
6;6848;Note_on_c;31
6;6848;Note_on_c;55
6;6884;Note_off_c;55
6;6888;Note_off_c;31
6;6888;Note_off_c;43
6;6904;Note_on_c;55
6;6908;Note_on_c;31
6;6908;Note_on_c;43
6;6940;Note_off_c;43
6;6940;Note_off_c;31
6;6944;Note_off_c;55
6;7100;Note_on_c;43
6;7100;Note_on_c;31
6;7104;Note_on_c;55
6;7140;Note_off_c;55
6;7144;Note_off_c;31
6;7144;Note_off_c;43
6;7168;Note_on_c;31
6;7168;Note_on_c;43
6;7168;Note_on_c;55
6;7204;Note_off_c;43
6;7204;Note_off_c;31
6;7208;Note_off_c;55
6;7228;Note_on_c;43
6;7228;Note_on_c;31
6;7232;Note_on_c;55
6;7268;Note_off_c;55
6;7272;Note_off_c;31
6;7272;Note_off_c;43
6;7292;Note_on_c;54
6;7296;Note_on_c;27
6;7296;Note_on_c;39
6;7332;Note_off_c;39
6;7332;Note_off_c;27
6;7332;Note_off_c;54
6;7356;Note_on_c;39
6;7356;Note_on_c;27
6;7356;Note_on_c;54
6;7396;Note_off_c;54
6;7400;Note_off_c;27
6;7400;Note_off_c;39
6;7416;Note_on_c;54
6;7420;Note_on_c;27
6;7420;Note_on_c;39
6;7452;Note_off_c;54
6;7460;Note_off_c;39
6;7460;Note_off_c;27
6;7484;Note_on_c;39
6;7484;Note_on_c;27
6;7484;Note_on_c;54
6;7520;Note_off_c;54
6;7528;Note_off_c;27
6;7528;Note_off_c;39
6;7676;Note_on_c;31
6;7676;Note_on_c;43
6;7684;Note_on_c;55
6;7704;Note_on_c;55
6;7712;Note_off_c;43
6;7712;Note_off_c;31
6;7720;Note_off_c;55
6;7920;Note_off_c;55
6;7928;Note_off_c;67
6;8060;Note_on_c;55
6;8064;Note_on_c;43
6;8064;Note_on_c;31
6;8076;Note_on_c;55
6;8080;Note_on_c;67
6;8100;Note_off_c;31
6;8100;Note_off_c;43
6;8100;Note_off_c;55
6;8256;Note_on_c;55
6;8264;Note_on_c;31
6;8264;Note_on_c;43
6;8292;Note_off_c;55
6;8296;Note_off_c;43
6;8296;Note_off_c;31
6;8312;Note_off_c;55
6;8316;Note_on_c;55
6;8328;Note_on_c;43
6;8328;Note_on_c;31
6;8340;Note_off_c;67
6;8352;Note_off_c;55
6;8360;Note_off_c;31
6;8360;Note_off_c;43
6;8380;Note_on_c;55
6;8388;Note_on_c;31
6;8388;Note_on_c;43
6;8416;Note_off_c;55
6;8424;Note_off_c;43
6;8424;Note_off_c;31
6;8444;Note_on_c;55
6;8448;Note_on_c;43
6;8448;Note_on_c;31
6;8464;Note_on_c;55
6;8476;Note_on_c;67
6;8480;Note_off_c;55
6;8484;Note_off_c;31
6;8484;Note_off_c;43
6;8636;Note_on_c;55
6;8640;Note_on_c;31
6;8640;Note_on_c;43
6;8672;Note_off_c;55
6;8676;Note_off_c;43
6;8676;Note_off_c;31
6;8700;Note_on_c;55
6;8704;Note_off_c;55
6;8704;Note_on_c;43
6;8704;Note_on_c;31
6;8708;Note_off_c;67
6;8736;Note_off_c;55
6;8740;Note_off_c;31
6;8740;Note_off_c;43
6;8764;Note_on_c;55
6;8764;Note_on_c;31
6;8764;Note_on_c;43
6;8804;Note_off_c;55
6;8808;Note_off_c;43
6;8808;Note_off_c;31
6;8828;Note_on_c;54
6;8832;Note_on_c;63
6;8832;Note_on_c;39
6;8832;Note_on_c;27
6;8836;Note_on_c;51
6;8864;Note_off_c;27
6;8864;Note_off_c;39
6;8864;Note_off_c;54
6;8892;Note_on_c;27
6;8892;Note_on_c;39
6;8892;Note_on_c;54
6;8928;Note_off_c;54
6;8936;Note_off_c;39
6;8936;Note_off_c;27
6;8952;Note_on_c;54
6;8952;Note_on_c;39
6;8952;Note_on_c;27
6;8988;Note_off_c;27
6;8988;Note_off_c;39
6;8988;Note_off_c;54
6;9020;Note_on_c;54
6;9020;Note_on_c;27
6;9020;Note_on_c;39
6;9024;Note_off_c;51
6;9028;Note_off_c;63
6;9056;Note_off_c;54
6;9064;Note_off_c;39
6;9064;Note_off_c;27
6;9108;Note_on_c;70
6;9128;Note_on_c;58
6;9168;Note_off_c;70
6;9176;Note_off_c;58
6;9212;Note_on_c;67
6;9216;Note_on_c;55
6;9224;Note_on_c;43
6;9224;Note_on_c;31
6;9228;Note_on_c;55
6;9252;Note_off_c;55
6;9260;Note_off_c;31
6;9260;Note_off_c;43
6;9500;Note_off_c;55
6;9520;Note_off_c;67
6;9596;Note_on_c;31
6;9596;Note_on_c;43
6;9600;Note_on_c;51
6;9600;Note_on_c;55
6;9604;Note_on_c;63
6;9632;Note_off_c;43
6;9632;Note_off_c;31
6;9636;Note_off_c;55
6;9772;Note_off_c;63
6;9788;Note_off_c;51
6;9788;Note_on_c;55
6;9792;Note_on_c;43
6;9792;Note_on_c;31
6;9824;Note_off_c;55
6;9828;Note_off_c;31
6;9828;Note_off_c;43
6;9852;Note_on_c;55
6;9852;Note_on_c;31
6;9852;Note_on_c;43
6;9888;Note_off_c;43
6;9888;Note_off_c;31
6;9888;Note_off_c;55
6;9896;Note_on_c;70
6;9896;Note_on_c;58
6;9916;Note_on_c;55
6;9916;Note_on_c;43
6;9916;Note_on_c;31
6;9952;Note_off_c;58
6;9956;Note_off_c;70
6;9956;Note_off_c;31
6;9956;Note_off_c;43
6;9956;Note_off_c;55
6;9976;Note_on_c;55
6;9980;Note_on_c;31
6;9980;Note_on_c;43
6;9988;Note_on_c;55
6;9996;Note_on_c;67
6;10016;Note_off_c;43
6;10016;Note_off_c;31
6;10016;Note_off_c;55
6;10168;Note_on_c;43
6;10168;Note_on_c;31
6;10176;Note_on_c;55
6;10208;Note_off_c;31
6;10208;Note_off_c;43
6;10216;Note_off_c;55
6;10232;Note_on_c;31
6;10232;Note_on_c;43
6;10240;Note_on_c;55
6;10268;Note_off_c;43
6;10268;Note_off_c;31
6;10280;Note_off_c;55
6;10300;Note_on_c;43
6;10300;Note_on_c;31
6;10304;Note_on_c;55
6;10340;Note_off_c;31
6;10340;Note_off_c;43
6;10344;Note_off_c;55
6;10364;Note_on_c;27
6;10364;Note_on_c;39
6;10368;Note_on_c;54
6;10400;Note_off_c;39
6;10400;Note_off_c;27
6;10404;Note_off_c;54
6;10428;Note_on_c;39
6;10428;Note_on_c;27
6;10432;Note_on_c;54
6;10468;Note_off_c;27
6;10468;Note_off_c;39
6;10476;Note_off_c;55
6;10476;Note_off_c;54
6;10488;Note_on_c;27
6;10488;Note_on_c;39
6;10496;Note_on_c;54
6;10504;Note_off_c;67
6;10524;Note_off_c;39
6;10524;Note_off_c;27
6;10536;Note_off_c;54
6;10556;Note_on_c;39
6;10556;Note_on_c;27
6;10564;Note_on_c;54
6;10596;Note_off_c;27
6;10596;Note_off_c;39
6;10604;Note_off_c;54
6;10752;Note_on_c;62
6;10756;Note_on_c;55
6;10756;Note_on_c;31
6;10756;Note_on_c;43
6;10760;Note_on_c;74
6;10792;Note_off_c;43
6;10792;Note_off_c;31
6;10792;Note_off_c;55
6;10996;Note_off_c;62
6;11024;Note_off_c;74
6;11136;Note_on_c;55
6;11140;Note_on_c;74
6;11140;Note_on_c;62
6;11140;Note_on_c;43
6;11140;Note_on_c;31
6;11172;Note_off_c;55
6;11180;Note_off_c;31
6;11180;Note_off_c;43
6;11324;Note_on_c;55
6;11336;Note_on_c;31
6;11336;Note_on_c;43
6;11360;Note_off_c;55
6;11368;Note_off_c;43
6;11368;Note_off_c;31
6;11380;Note_off_c;62
6;11384;Note_on_c;55
6;11396;Note_off_c;74
6;11396;Note_on_c;43
6;11396;Note_on_c;31
6;11420;Note_off_c;55
6;11432;Note_off_c;31
6;11432;Note_off_c;43
6;11448;Note_on_c;55
6;11460;Note_on_c;31
6;11460;Note_on_c;43
6;11484;Note_off_c;55
6;11500;Note_off_c;43
6;11500;Note_off_c;31
6;11508;Note_on_c;55
6;11516;Note_on_c;62
6;11520;Note_on_c;43
6;11520;Note_on_c;31
6;11532;Note_on_c;74
6;11544;Note_off_c;55
6;11560;Note_off_c;31
6;11560;Note_off_c;43
6;11708;Note_on_c;55
6;11716;Note_on_c;31
6;11716;Note_on_c;43
6;11744;Note_off_c;55
6;11752;Note_off_c;43
6;11752;Note_off_c;31
6;11768;Note_off_c;62
6;11772;Note_on_c;55
6;11780;Note_on_c;43
6;11780;Note_on_c;31
6;11788;Note_off_c;74
6;11812;Note_off_c;31
6;11812;Note_off_c;43
6;11812;Note_off_c;55
6;11836;Note_on_c;55
6;11844;Note_on_c;31
6;11844;Note_on_c;43
6;11872;Note_off_c;55
6;11884;Note_off_c;43
6;11884;Note_off_c;31
6;11896;Note_on_c;54
6;11904;Note_on_c;39
6;11904;Note_on_c;27
6;11916;Note_on_c;75
6;11916;Note_on_c;63
6;11936;Note_off_c;54
6;11940;Note_off_c;27
6;11940;Note_off_c;39
6;11956;Note_on_c;54
6;11968;Note_on_c;27
6;11968;Note_on_c;39
6;12000;Note_off_c;54
6;12008;Note_off_c;39
6;12008;Note_off_c;27
6;12020;Note_on_c;54
6;12032;Note_on_c;39
6;12032;Note_on_c;27
6;12056;Note_off_c;54
6;12068;Note_off_c;27
6;12068;Note_off_c;39
6;12084;Note_off_c;63
6;12088;Note_off_c;75
6;12088;Note_on_c;54
6;12100;Note_on_c;27
6;12100;Note_on_c;39
6;12128;Note_off_c;54
6;12140;Note_off_c;39
6;12140;Note_off_c;27
6;12192;Note_on_c;58
6;12196;Note_on_c;70
6;12248;Note_off_c;70
6;12252;Note_off_c;58
6;12280;Note_on_c;51
6;12280;Note_on_c;39
6;12288;Note_on_c;54
6;12296;Note_on_c;66
6;12300;Note_on_c;54
6;12324;Note_off_c;54
6;12324;Note_off_c;51
6;12332;Note_off_c;39
6;12540;Note_off_c;66
6;12572;Note_off_c;54
6;12668;Note_on_c;36
6;12668;Note_on_c;48
6;12668;Note_on_c;58
6;12672;Note_on_c;63
6;12672;Note_on_c;51
6;12704;Note_off_c;58
6;12716;Note_off_c;48
6;12720;Note_off_c;36
6;12836;Note_off_c;51
6;12864;Note_on_c;48
6;12864;Note_on_c;36
6;12868;Note_on_c;58
6;12876;Note_off_c;63
6;12904;Note_off_c;58
6;12908;Note_off_c;48
6;12916;Note_off_c;36
6;12928;Note_on_c;58
6;12928;Note_on_c;36
6;12928;Note_on_c;48
6;12952;Note_on_c;58
6;12960;Note_on_c;70
6;12964;Note_off_c;58
6;12972;Note_off_c;48
6;12976;Note_off_c;36
6;12992;Note_on_c;48
6;12992;Note_on_c;36
6;12992;Note_on_c;58
6;13008;Note_off_c;58
6;13024;Note_off_c;70
6;13028;Note_off_c;58
6;13036;Note_off_c;48
6;13044;Note_off_c;36
6;13048;Note_on_c;55
6;13052;Note_on_c;31
6;13052;Note_on_c;43
6;13060;Note_on_c;55
6;13064;Note_on_c;67
6;13084;Note_off_c;43
6;13084;Note_off_c;31
6;13088;Note_off_c;55
6;13248;Note_on_c;55
6;13284;Note_off_c;55
6;13312;Note_on_c;43
6;13312;Note_on_c;31
6;13312;Note_on_c;55
6;13348;Note_off_c;31
6;13348;Note_off_c;43
6;13352;Note_off_c;55
6;13372;Note_on_c;31
6;13372;Note_on_c;43
6;13376;Note_on_c;55
6;13412;Note_off_c;55
6;13416;Note_off_c;43
6;13416;Note_off_c;31
6;13436;Note_on_c;55
6;13440;Note_on_c;43
6;13440;Note_on_c;31
6;13476;Note_off_c;31
6;13476;Note_off_c;43
6;13476;Note_off_c;55
6;13500;Note_on_c;31
6;13500;Note_on_c;43
6;13500;Note_on_c;55
6;13528;Note_off_c;55
6;13532;Note_off_c;67
6;13540;Note_off_c;55
6;13544;Note_off_c;43
6;13544;Note_off_c;31
6;13560;Note_on_c;55
6;13564;Note_on_c;43
6;13564;Note_on_c;31
6;13596;Note_off_c;55
6;13604;Note_off_c;31
6;13604;Note_off_c;43
6;13628;Note_on_c;31
6;13628;Note_on_c;43
6;13628;Note_on_c;55
6;13664;Note_off_c;55
6;13672;Note_off_c;43
6;13672;Note_off_c;31
6;13820;Note_on_c;67
6;13820;Note_on_c;43
6;13820;Note_on_c;31
6;13828;Note_on_c;55
6;13844;Note_on_c;79
6;13856;Note_off_c;31
6;13856;Note_off_c;43
6;13864;Note_off_c;55
6;14076;Note_off_c;79
6;14116;Note_off_c;67
6;14204;Note_on_c;67
6;14204;Note_on_c;55
6;14208;Note_on_c;55
6;14208;Note_on_c;31
6;14208;Note_on_c;43
6;14244;Note_off_c;43
6;14244;Note_off_c;31
6;14244;Note_off_c;55
6;14348;Note_off_c;67
6;14400;Note_off_c;55
6;14400;Note_on_c;55
6;14408;Note_on_c;43
6;14408;Note_on_c;31
6;14436;Note_off_c;55
6;14440;Note_off_c;31
6;14440;Note_off_c;43
6;14460;Note_on_c;55
6;14472;Note_on_c;31
6;14472;Note_on_c;43
6;14496;Note_off_c;55
6;14504;Note_off_c;43
6;14504;Note_off_c;31
6;14508;Note_on_c;55
6;14520;Note_on_c;67
6;14524;Note_on_c;55
6;14532;Note_on_c;43
6;14532;Note_on_c;31
6;14560;Note_off_c;55
6;14568;Note_off_c;31
6;14568;Note_off_c;43
6;14580;Note_off_c;67
6;14584;Note_off_c;55
6;14588;Note_on_c;55
6;14592;Note_on_c;31
6;14592;Note_on_c;43
6;14604;Note_on_c;67
6;14608;Note_on_c;79
6;14624;Note_off_c;55
6;14628;Note_off_c;43
6;14628;Note_off_c;31
6;14780;Note_on_c;55
6;14784;Note_on_c;43
6;14784;Note_on_c;31
6;14816;Note_off_c;55
6;14820;Note_off_c;31
6;14820;Note_off_c;43
6;14844;Note_on_c;55
6;14848;Note_off_c;67
6;14848;Note_on_c;31
6;14848;Note_on_c;43
6;14872;Note_off_c;79
6;14880;Note_off_c;55
6;14884;Note_off_c;43
6;14884;Note_off_c;31
6;14908;Note_on_c;55
6;14908;Note_on_c;43
6;14908;Note_on_c;31
6;14948;Note_off_c;55
6;14952;Note_off_c;31
6;14952;Note_off_c;43
6;14956;Note_on_c;66
6;14972;Note_on_c;54
6;14976;Note_on_c;27
6;14976;Note_on_c;39
6;14992;Note_on_c;78
6;15008;Note_off_c;39
6;15008;Note_off_c;27
6;15008;Note_off_c;54
6;15036;Note_on_c;39
6;15036;Note_on_c;27
6;15036;Note_on_c;54
6;15072;Note_off_c;54
6;15080;Note_off_c;27
6;15080;Note_off_c;39
6;15096;Note_on_c;54
6;15096;Note_on_c;27
6;15096;Note_on_c;39
6;15132;Note_off_c;39
6;15132;Note_off_c;27
6;15132;Note_off_c;54
6;15164;Note_off_c;66
6;15164;Note_on_c;54
6;15164;Note_on_c;39
6;15164;Note_on_c;27
6;15192;Note_off_c;78
6;15200;Note_off_c;54
6;15208;Note_off_c;27
6;15208;Note_off_c;39
6;15268;Note_on_c;65
6;15288;Note_on_c;77
6;15332;Note_off_c;65
6;15352;Note_off_c;77
6;15352;Note_on_c;64
6;15356;Note_on_c;49
6;15360;Note_on_c;61
6;15368;Note_on_c;37
6;15372;Note_on_c;76
6;15392;Note_off_c;49
6;15396;Note_off_c;61
6;15404;Note_off_c;37
6;15444;Note_off_c;76
6;15444;Note_off_c;64
6;15464;Note_on_c;75
6;15476;Note_on_c;63
6;15520;Note_off_c;75
6;15540;Note_on_c;76
6;15544;Note_off_c;63
6;15548;Note_on_c;64
6;15636;Note_off_c;64
6;15668;Note_off_c;76
6;15732;Note_on_c;49
6;15740;Note_on_c;37
6;15744;Note_on_c;61
6;15768;Note_off_c;49
6;15776;Note_off_c;37
6;15780;Note_off_c;61
6;15932;Note_on_c;61
6;15936;Note_on_c;37
6;15936;Note_on_c;49
6;15940;Note_on_c;68
6;15944;Note_on_c;56
6;15968;Note_off_c;61
6;15972;Note_off_c;49
6;15972;Note_off_c;37
6;15996;Note_on_c;61
6;15996;Note_on_c;49
6;15996;Note_on_c;37
6;16008;Note_off_c;68
6;16016;Note_off_c;56
6;16032;Note_off_c;37
6;16032;Note_off_c;49
6;16032;Note_off_c;61
6;16060;Note_on_c;61
6;16060;Note_on_c;37
6;16060;Note_on_c;49
6;16100;Note_off_c;49
6;16100;Note_off_c;37
6;16100;Note_off_c;61
6;16120;Note_on_c;61
6;16124;Note_on_c;49
6;16124;Note_on_c;37
6;16136;Note_on_c;61
6;16140;Note_on_c;73
6;16160;Note_off_c;37
6;16160;Note_off_c;49
6;16160;Note_off_c;61
6;16312;Note_on_c;37
6;16312;Note_on_c;49
6;16320;Note_on_c;61
6;16352;Note_off_c;49
6;16352;Note_off_c;37
6;16360;Note_off_c;61
6;16376;Note_on_c;49
6;16376;Note_on_c;37
6;16384;Note_on_c;61
6;16392;Note_off_c;61
6;16412;Note_off_c;37
6;16412;Note_off_c;49
6;16424;Note_off_c;61
6;16428;Note_off_c;73
6;16444;Note_on_c;37
6;16444;Note_on_c;49
6;16448;Note_on_c;61
6;16484;Note_off_c;49
6;16484;Note_off_c;37
6;16488;Note_off_c;61
6;16508;Note_on_c;49
6;16508;Note_on_c;37
6;16512;Note_on_c;61
6;16520;Note_on_c;72
6;16520;Note_on_c;60
6;16544;Note_off_c;37
6;16544;Note_off_c;49
6;16548;Note_off_c;61
6;16572;Note_on_c;37
6;16572;Note_on_c;49
6;16576;Note_on_c;61
6;16612;Note_off_c;49
6;16612;Note_off_c;37
6;16620;Note_off_c;61
6;16632;Note_on_c;49
6;16632;Note_on_c;37
6;16640;Note_on_c;61
6;16668;Note_off_c;37
6;16668;Note_off_c;49
6;16680;Note_off_c;61
6;16700;Note_on_c;37
6;16700;Note_on_c;49
6;16708;Note_on_c;61
6;16732;Note_off_c;60
6;16740;Note_off_c;49
6;16740;Note_off_c;37
6;16748;Note_off_c;61
6;16760;Note_off_c;72
6;16808;Note_on_c;59
6;16812;Note_on_c;71
6;16880;Note_off_c;71
6;16880;Note_off_c;59
6;16892;Note_on_c;51
6;16900;Note_on_c;39
6;16904;Note_on_c;58
6;16908;Note_on_c;58
6;16912;Note_on_c;70
6;16928;Note_off_c;51
6;16932;Note_off_c;39
6;16940;Note_off_c;58
6;16984;Note_off_c;70
6;16984;Note_off_c;58
6;16996;Note_on_c;57
6;17004;Note_on_c;69
6;17056;Note_off_c;57
6;17072;Note_off_c;69
6;17096;Note_on_c;58
6;17104;Note_on_c;70
6;17160;Note_off_c;70
6;17180;Note_off_c;58
6;17268;Note_on_c;58
6;17268;Note_on_c;39
6;17268;Note_on_c;51
6;17304;Note_off_c;51
6;17304;Note_off_c;39
6;17304;Note_off_c;58
6;17472;Note_on_c;51
6;17472;Note_on_c;39
6;17472;Note_on_c;58
6;17484;Note_on_c;51
6;17488;Note_on_c;63
6;17508;Note_off_c;58
6;17508;Note_off_c;39
6;17508;Note_off_c;51
6;17532;Note_on_c;58
6;17532;Note_on_c;39
6;17532;Note_on_c;51
6;17548;Note_off_c;51
6;17560;Note_off_c;63
6;17568;Note_off_c;51
6;17568;Note_off_c;39
6;17568;Note_off_c;58
6;17592;Note_on_c;51
6;17596;Note_on_c;39
6;17596;Note_on_c;58
6;17632;Note_off_c;51
6;17636;Note_off_c;58
6;17636;Note_off_c;39
6;17660;Note_on_c;58
6;17660;Note_on_c;38
6;17660;Note_on_c;50
6;17672;Note_on_c;66
6;17676;Note_on_c;54
6;17696;Note_off_c;58
6;17744;Note_off_c;50
6;17764;Note_off_c;38
6;17908;Note_off_c;54
6;17944;Note_off_c;66
6;18044;Note_on_c;48
6;18044;Note_on_c;36
6;18044;Note_on_c;58
6;18052;Note_on_c;63
6;18068;Note_on_c;51
6;18080;Note_off_c;58
6;18080;Note_off_c;36
6;18080;Note_off_c;48
6;18108;Note_on_c;58
6;18108;Note_on_c;36
6;18108;Note_on_c;48
6;18148;Note_off_c;48
6;18148;Note_off_c;36
6;18148;Note_off_c;58
6;18168;Note_on_c;48
6;18168;Note_on_c;36
6;18168;Note_on_c;58
6;18204;Note_off_c;58
6;18204;Note_off_c;36
6;18204;Note_off_c;48
6;18236;Note_on_c;58
6;18236;Note_on_c;36
6;18236;Note_on_c;48
6;18276;Note_off_c;48
6;18276;Note_off_c;36
6;18276;Note_off_c;58
6;18288;Note_off_c;51
6;18296;Note_off_c;63
6;18348;Note_on_c;66
6;18356;Note_on_c;54
6;18404;Note_off_c;66
6;18404;Note_off_c;54
6;18432;Note_on_c;43
6;18432;Note_on_c;31
6;18432;Note_on_c;55
6;18448;Note_on_c;70
6;18460;Note_on_c;58
6;18468;Note_off_c;55
6;18468;Note_off_c;31
6;18468;Note_off_c;43
6;18712;Note_off_c;70
6;18720;Note_off_c;58
6;18812;Note_on_c;55
6;18812;Note_on_c;39
6;18812;Note_on_c;51
6;18828;Note_on_c;55
6;18836;Note_on_c;67
6;18848;Note_off_c;51
6;18848;Note_off_c;39
6;18848;Note_off_c;55
6;18876;Note_on_c;51
6;18876;Note_on_c;39
6;18876;Note_on_c;55
6;18916;Note_off_c;55
6;18916;Note_off_c;39
6;18916;Note_off_c;51
6;18936;Note_on_c;55
6;18936;Note_on_c;39
6;18936;Note_on_c;51
6;18972;Note_off_c;51
6;18972;Note_off_c;39
6;18972;Note_off_c;55
6;19004;Note_on_c;51
6;19004;Note_on_c;55
6;19008;Note_on_c;39
6;19028;Note_off_c;67
6;19044;Note_off_c;55
6;19044;Note_off_c;55
6;19044;Note_off_c;51
6;19048;Note_off_c;39
6;19116;Note_on_c;70
6;19116;Note_on_c;58
6;19168;Note_off_c;58
6;19172;Note_off_c;70
6;19204;Note_on_c;31
6;19204;Note_on_c;43
6;19204;Note_on_c;55
6;19216;Note_on_c;74
6;19220;Note_on_c;62
6;19240;Note_off_c;55
6;19240;Note_off_c;43
6;19240;Note_off_c;31
6;19392;Note_on_c;55
6;19392;Note_on_c;43
6;19392;Note_on_c;31
6;19428;Note_off_c;31
6;19428;Note_off_c;43
6;19428;Note_off_c;55
6;19456;Note_on_c;31
6;19456;Note_on_c;43
6;19456;Note_on_c;55
6;19492;Note_off_c;55
6;19492;Note_off_c;43
6;19492;Note_off_c;31
6;19520;Note_on_c;55
6;19520;Note_on_c;43
6;19520;Note_on_c;31
6;19552;Note_off_c;55
6;19560;Note_off_c;31
6;19560;Note_off_c;43
6;19584;Note_on_c;31
6;19584;Note_on_c;43
6;19584;Note_on_c;55
6;19616;Note_off_c;55
6;19616;Note_off_c;43
6;19616;Note_off_c;31
6;19648;Note_on_c;55
6;19648;Note_on_c;43
6;19648;Note_on_c;31
6;19688;Note_off_c;31
6;19688;Note_off_c;43
6;19688;Note_off_c;55
6;19704;Note_off_c;62
6;19708;Note_on_c;31
6;19708;Note_on_c;43
6;19708;Note_on_c;55
6;19744;Note_off_c;55
6;19744;Note_off_c;43
6;19744;Note_off_c;31
6;19756;Note_off_c;74
6;19776;Note_on_c;55
6;19776;Note_on_c;43
6;19776;Note_on_c;31
6;19808;Note_off_c;31
6;19808;Note_off_c;43
6;19820;Note_off_c;55
6;19840;Note_on_c;31
6;19840;Note_on_c;43
6;19880;Note_off_c;43
6;19880;Note_off_c;31
6;19900;Note_on_c;43
6;19900;Note_on_c;31
6;19936;Note_off_c;31
6;19936;Note_off_c;43
6;19964;Note_on_c;67
6;19964;Note_on_c;39
6;19964;Note_on_c;51
6;19972;Note_on_c;55
6;19988;Note_on_c;79
6;20000;Note_off_c;51
6;20000;Note_off_c;39
6;20008;Note_off_c;55
6;20220;Note_off_c;79
6;20260;Note_off_c;67
6;20348;Note_on_c;67
6;20348;Note_on_c;55
6;20352;Note_on_c;55
6;20352;Note_on_c;51
6;20352;Note_on_c;39
6;20388;Note_off_c;39
6;20388;Note_off_c;51
6;20388;Note_off_c;55
6;20492;Note_off_c;67
6;20544;Note_off_c;55
6;20544;Note_on_c;55
6;20552;Note_on_c;39
6;20552;Note_on_c;51
6;20580;Note_off_c;55
6;20584;Note_off_c;51
6;20584;Note_off_c;39
6;20604;Note_on_c;55
6;20616;Note_on_c;51
6;20616;Note_on_c;39
6;20640;Note_off_c;55
6;20648;Note_off_c;39
6;20648;Note_off_c;51
6;20652;Note_on_c;55
6;20664;Note_on_c;67
6;20668;Note_on_c;55
6;20676;Note_on_c;39
6;20676;Note_on_c;51
6;20704;Note_off_c;55
6;20712;Note_off_c;51
6;20712;Note_off_c;39
6;20724;Note_off_c;67
6;20728;Note_off_c;55
6;20732;Note_on_c;55
6;20736;Note_on_c;43
6;20736;Note_on_c;31
6;20748;Note_on_c;67
6;20752;Note_on_c;79
6;20768;Note_off_c;55
6;20772;Note_off_c;31
6;20772;Note_off_c;43
6;20924;Note_on_c;55
6;20928;Note_on_c;31
6;20928;Note_on_c;43
6;20960;Note_off_c;55
6;20964;Note_off_c;43
6;20964;Note_off_c;31
6;20988;Note_on_c;55
6;20992;Note_off_c;67
6;20992;Note_on_c;43
6;20992;Note_on_c;31
6;21016;Note_off_c;79
6;21024;Note_off_c;55
6;21028;Note_off_c;31
6;21028;Note_off_c;43
6;21052;Note_on_c;55
6;21052;Note_on_c;31
6;21052;Note_on_c;43
6;21092;Note_off_c;55
6;21096;Note_off_c;43
6;21096;Note_off_c;31
6;21100;Note_on_c;66
6;21116;Note_on_c;54
6;21120;Note_on_c;39
6;21120;Note_on_c;27
6;21136;Note_on_c;78
6;21152;Note_off_c;27
6;21152;Note_off_c;39
6;21152;Note_off_c;54
6;21180;Note_on_c;27
6;21180;Note_on_c;39
6;21180;Note_on_c;54
6;21216;Note_off_c;54
6;21224;Note_off_c;39
6;21224;Note_off_c;27
6;21240;Note_on_c;54
6;21240;Note_on_c;39
6;21240;Note_on_c;27
6;21276;Note_off_c;27
6;21276;Note_off_c;39
6;21276;Note_off_c;54
6;21308;Note_off_c;66
6;21308;Note_on_c;54
6;21308;Note_on_c;27
6;21308;Note_on_c;39
6;21336;Note_off_c;78
6;21344;Note_off_c;54
6;21352;Note_off_c;39
6;21352;Note_off_c;27
6;21412;Note_on_c;65
6;21432;Note_on_c;77
6;21476;Note_off_c;65
6;21496;Note_off_c;77
6;21496;Note_on_c;64
6;21500;Note_on_c;49
6;21504;Note_on_c;61
6;21512;Note_on_c;37
6;21516;Note_on_c;76
6;21536;Note_off_c;49
6;21540;Note_off_c;61
6;21548;Note_off_c;37
6;21588;Note_off_c;76
6;21588;Note_off_c;64
6;21608;Note_on_c;75
6;21620;Note_on_c;63
6;21664;Note_off_c;75
6;21684;Note_on_c;76
6;21688;Note_off_c;63
6;21692;Note_on_c;64
6;21780;Note_off_c;64
6;21812;Note_off_c;76
6;21876;Note_on_c;49
6;21884;Note_on_c;37
6;21888;Note_on_c;61
6;21912;Note_off_c;49
6;21920;Note_off_c;37
6;21924;Note_off_c;61
6;22076;Note_on_c;61
6;22080;Note_on_c;37
6;22080;Note_on_c;49
6;22084;Note_on_c;68
6;22088;Note_on_c;56
6;22112;Note_off_c;61
6;22116;Note_off_c;49
6;22116;Note_off_c;37
6;22140;Note_on_c;61
6;22140;Note_on_c;49
6;22140;Note_on_c;37
6;22152;Note_off_c;68
6;22160;Note_off_c;56
6;22176;Note_off_c;37
6;22176;Note_off_c;49
6;22176;Note_off_c;61
6;22204;Note_on_c;61
6;22204;Note_on_c;37
6;22204;Note_on_c;49
6;22244;Note_off_c;49
6;22244;Note_off_c;37
6;22244;Note_off_c;61
6;22264;Note_on_c;61
6;22268;Note_on_c;49
6;22268;Note_on_c;37
6;22280;Note_on_c;61
6;22284;Note_on_c;73
6;22284;Note_on_c;56
6;22304;Note_off_c;37
6;22304;Note_off_c;49
6;22304;Note_off_c;61
6;22456;Note_on_c;37
6;22456;Note_on_c;49
6;22464;Note_on_c;61
6;22496;Note_off_c;49
6;22496;Note_off_c;37
6;22504;Note_off_c;61
6;22520;Note_on_c;49
6;22520;Note_on_c;37
6;22528;Note_on_c;61
6;22536;Note_off_c;61
6;22544;Note_off_c;56
6;22556;Note_off_c;37
6;22556;Note_off_c;49
6;22568;Note_off_c;61
6;22572;Note_off_c;73
6;22588;Note_on_c;37
6;22588;Note_on_c;49
6;22592;Note_on_c;61
6;22628;Note_off_c;49
6;22628;Note_off_c;37
6;22632;Note_off_c;61
6;22652;Note_on_c;49
6;22652;Note_on_c;37
6;22656;Note_on_c;61
6;22664;Note_on_c;72
6;22664;Note_on_c;60
6;22668;Note_on_c;56
6;22688;Note_off_c;37
6;22688;Note_off_c;49
6;22692;Note_off_c;61
6;22716;Note_on_c;37
6;22716;Note_on_c;49
6;22720;Note_on_c;61
6;22756;Note_off_c;49
6;22756;Note_off_c;37
6;22764;Note_off_c;61
6;22776;Note_on_c;49
6;22776;Note_on_c;37
6;22784;Note_on_c;61
6;22812;Note_off_c;37
6;22812;Note_off_c;49
6;22824;Note_off_c;61
6;22840;Note_off_c;56
6;22844;Note_on_c;37
6;22844;Note_on_c;49
6;22852;Note_on_c;61
6;22876;Note_off_c;60
6;22884;Note_off_c;49
6;22884;Note_off_c;37
6;22892;Note_off_c;61
6;22904;Note_off_c;72
6;22952;Note_on_c;59
6;22952;Note_on_c;56
6;22956;Note_on_c;71
6;23008;Note_off_c;59
6;23012;Note_off_c;56
6;23024;Note_off_c;71
6;23036;Note_on_c;51
6;23044;Note_on_c;58
6;23044;Note_on_c;39
6;23048;Note_on_c;58
6;23052;Note_on_c;54
6;23056;Note_on_c;70
6;23072;Note_off_c;51
6;23076;Note_off_c;39
6;23084;Note_off_c;58
6;23116;Note_off_c;54
6;23120;Note_off_c;58
6;23128;Note_off_c;70
6;23136;Note_on_c;53
6;23136;Note_on_c;57
6;23148;Note_on_c;69
6;23196;Note_off_c;57
6;23204;Note_off_c;53
6;23216;Note_off_c;69
6;23236;Note_on_c;58
6;23240;Note_on_c;54
6;23248;Note_on_c;70
6;23304;Note_off_c;70
6;23312;Note_off_c;54
6;23320;Note_off_c;58
6;23412;Note_on_c;58
6;23412;Note_on_c;39
6;23412;Note_on_c;51
6;23448;Note_off_c;51
6;23448;Note_off_c;39
6;23448;Note_off_c;58
6;23616;Note_on_c;51
6;23616;Note_on_c;39
6;23616;Note_on_c;58
6;23628;Note_on_c;51
6;23632;Note_on_c;63
6;23652;Note_off_c;58
6;23652;Note_off_c;39
6;23652;Note_off_c;51
6;23676;Note_on_c;58
6;23676;Note_on_c;39
6;23676;Note_on_c;51
6;23692;Note_off_c;51
6;23704;Note_off_c;63
6;23712;Note_off_c;51
6;23712;Note_off_c;39
6;23712;Note_off_c;58
6;23740;Note_on_c;51
6;23740;Note_on_c;39
6;23740;Note_on_c;58
6;23780;Note_off_c;58
6;23780;Note_off_c;39
6;23780;Note_off_c;51
6;23804;Note_on_c;58
6;23804;Note_on_c;39
6;23804;Note_on_c;51
6;23816;Note_on_c;66
6;23820;Note_on_c;54
6;23840;Note_off_c;51
6;23840;Note_off_c;39
6;23840;Note_off_c;58
6;24052;Note_off_c;54
6;24088;Note_off_c;66
6;24188;Note_on_c;48
6;24188;Note_on_c;36
6;24188;Note_on_c;58
6;24192;Note_on_c;54
6;24196;Note_on_c;63
6;24200;Note_on_c;58
6;24200;Note_on_c;51
6;24224;Note_off_c;58
6;24224;Note_off_c;36
6;24224;Note_off_c;48
6;24252;Note_on_c;58
6;24252;Note_on_c;36
6;24252;Note_on_c;48
6;24292;Note_off_c;48
6;24292;Note_off_c;36
6;24292;Note_off_c;58
6;24312;Note_on_c;48
6;24312;Note_on_c;36
6;24312;Note_on_c;58
6;24348;Note_off_c;58
6;24348;Note_off_c;36
6;24348;Note_off_c;48
6;24380;Note_on_c;58
6;24380;Note_on_c;36
6;24380;Note_on_c;48
6;24420;Note_off_c;51
6;24420;Note_off_c;48
6;24420;Note_off_c;36
6;24420;Note_off_c;58
6;24440;Note_off_c;63
6;24440;Note_off_c;54
6;24456;Note_off_c;58
6;24492;Note_on_c;70
6;24496;Note_on_c;58
6;24544;Note_off_c;58
6;24548;Note_off_c;70
6;24576;Note_on_c;43
6;24576;Note_on_c;31
6;24576;Note_on_c;55
6;24584;Note_on_c;55
6;24592;Note_on_c;67
6;24612;Note_off_c;55
6;24612;Note_off_c;31
6;24612;Note_off_c;43
6;24844;Note_off_c;55
6;24856;Note_off_c;67
6;24956;Note_on_c;54
6;24956;Note_on_c;58
6;24956;Note_on_c;39
6;24956;Note_on_c;51
6;24960;Note_on_c;58
6;24960;Note_on_c;51
6;24980;Note_on_c;63
6;24992;Note_off_c;51
6;24992;Note_off_c;39
6;24992;Note_off_c;58
6;25020;Note_on_c;51
6;25020;Note_on_c;39
6;25020;Note_on_c;58
6;25060;Note_off_c;58
6;25060;Note_off_c;39
6;25060;Note_off_c;51
6;25080;Note_on_c;58
6;25080;Note_on_c;39
6;25080;Note_on_c;51
6;25116;Note_off_c;51
6;25116;Note_off_c;39
6;25116;Note_off_c;58
6;25148;Note_on_c;51
6;25148;Note_on_c;39
6;25148;Note_on_c;58
6;25172;Note_off_c;63
6;25176;Note_off_c;51
6;25180;Note_off_c;54
6;25184;Note_off_c;58
6;25188;Note_off_c;58
6;25188;Note_off_c;39
6;25188;Note_off_c;51
6;25260;Note_on_c;70
6;25268;Note_on_c;58
6;25316;Note_off_c;70
6;25320;Note_off_c;58
6;25348;Note_on_c;55
6;25348;Note_on_c;31
6;25348;Note_on_c;43
6;25352;Note_on_c;55
6;25360;Note_on_c;67
6;25384;Note_off_c;43
6;25384;Note_off_c;31
6;25384;Note_off_c;55
6;25536;Note_on_c;43
6;25536;Note_on_c;31
6;25536;Note_on_c;55
6;25572;Note_off_c;55
6;25572;Note_off_c;31
6;25572;Note_off_c;43
6;25600;Note_on_c;55
6;25600;Note_on_c;31
6;25600;Note_on_c;43
6;25636;Note_off_c;43
6;25636;Note_off_c;31
6;25636;Note_off_c;55
6;25664;Note_on_c;43
6;25664;Note_on_c;31
6;25664;Note_on_c;55
6;25696;Note_off_c;55
6;25704;Note_off_c;31
6;25704;Note_off_c;43
6;25728;Note_on_c;55
6;25728;Note_on_c;31
6;25728;Note_on_c;43
6;25760;Note_off_c;43
6;25760;Note_off_c;31
6;25760;Note_off_c;55
6;25792;Note_on_c;43
6;25792;Note_on_c;31
6;25792;Note_on_c;55
6;25832;Note_off_c;55
6;25832;Note_off_c;31
6;25832;Note_off_c;43
6;25836;Note_off_c;55
6;25852;Note_on_c;55
6;25852;Note_on_c;31
6;25852;Note_on_c;43
6;25888;Note_off_c;43
6;25888;Note_off_c;31
6;25888;Note_off_c;55
6;25900;Note_off_c;67
6;25920;Note_on_c;43
6;25920;Note_on_c;31
6;25920;Note_on_c;55
6;25964;Note_off_c;55
6;25964;Note_off_c;31
6;25964;Note_off_c;43
6;26304;Note_on_c;55
6;26340;Note_off_c;55
6;26368;Note_on_c;31
6;26368;Note_on_c;43
6;26368;Note_on_c;55
6;26404;Note_off_c;43
6;26404;Note_off_c;31
6;26408;Note_off_c;55
6;26428;Note_on_c;43
6;26428;Note_on_c;31
6;26432;Note_on_c;55
6;26468;Note_off_c;55
6;26472;Note_off_c;31
6;26472;Note_off_c;43
6;26492;Note_on_c;55
6;26496;Note_on_c;31
6;26496;Note_on_c;43
6;26532;Note_off_c;43
6;26532;Note_off_c;31
6;26532;Note_off_c;55
6;26556;Note_on_c;43
6;26556;Note_on_c;31
6;26556;Note_on_c;55
6;26596;Note_off_c;55
6;26600;Note_off_c;31
6;26600;Note_off_c;43
6;26616;Note_on_c;55
6;26620;Note_on_c;31
6;26620;Note_on_c;43
6;26652;Note_off_c;55
6;26660;Note_off_c;43
6;26660;Note_off_c;31
6;26684;Note_on_c;43
6;26684;Note_on_c;31
6;26684;Note_on_c;55
6;26720;Note_off_c;55
6;26728;Note_off_c;31
6;26728;Note_off_c;43
6;27276;Note_on_c;51
6;27396;Note_off_c;51
6;27584;Note_on_c;46
6;27644;Note_off_c;46
6;27672;Note_on_c;42
6;29952;Note_off_c;42
6;29956;Note_on_c;36
6;30336;Note_on_c;54
6;30416;Note_off_c;54
6;30596;Note_on_c;62
6;30668;Note_off_c;62
6;30724;Note_on_c;59
6;31612;Note_off_c;59
6;34708;Note_off_c;36
6;35720;Note_on_c;60
6;35724;Note_on_c;66
6;36724;Note_off_c;66
6;36728;Note_off_c;60
6;37060;Note_on_c;38
6;37284;Note_on_c;43
6;37316;Note_off_c;38
6;37640;Note_on_c;58
6;37648;Note_on_c;64
6;37984;Note_on_c;45
6;37996;Note_off_c;43
6;38028;Note_on_c;54
6;38048;Note_off_c;58
6;38500;Note_off_c;45
6;38524;Note_on_c;46
6;38624;Note_on_c;48
6;38628;Note_off_c;46
6;38744;Note_off_c;48
6;38788;Note_off_c;64
6;38792;Note_off_c;54
6;39556;Note_on_c;28
6;39576;Note_on_c;40
6;42876;Note_on_c;58
6;42876;Note_on_c;54
6;42944;Note_off_c;58
6;42944;Note_off_c;54
6;42980;Note_on_c;63
6;42984;Note_on_c;62
6;42984;Note_on_c;69
6;42984;Note_on_c;58
6;43212;Note_off_c;28
6;43232;Note_off_c;40
6;44184;Note_off_c;58
6;44232;Note_off_c;62
6;44232;Note_off_c;69
6;44256;Note_off_c;63
6;44748;Note_on_c;55
6;44756;Note_on_c;51
6;44772;Note_off_c;55
6;44780;Note_off_c;51
6;44812;Note_on_c;55
6;44820;Note_on_c;51
6;44832;Note_off_c;55
6;44836;Note_off_c;51
6;44864;Note_on_c;51
6;44872;Note_on_c;55
6;44904;Note_off_c;55
6;44912;Note_off_c;51
6;44936;Note_on_c;47
6;44936;Note_on_c;56
6;44964;Note_off_c;56
6;44976;Note_off_c;47
6;45000;Note_on_c;56
6;45008;Note_on_c;47
6;45024;Note_off_c;56
6;45040;Note_off_c;47
6;45060;Note_on_c;56
6;45068;Note_on_c;47
6;45096;Note_off_c;47
6;45104;Note_off_c;56
6;45124;Note_on_c;53
6;45132;Note_on_c;50
6;45160;Note_off_c;53
6;45168;Note_off_c;50
6;45192;Note_on_c;53
6;45200;Note_on_c;50
6;45224;Note_off_c;53
6;45228;Note_off_c;50
6;45252;Note_on_c;53
6;45260;Note_on_c;50
6;45284;Note_off_c;53
6;45304;Note_off_c;50
6;45508;Note_on_c;55
6;45524;Note_on_c;63
6;45540;Note_off_c;55
6;45552;Note_off_c;63
6;45568;Note_on_c;55
6;45588;Note_on_c;63
6;45600;Note_off_c;55
6;45608;Note_off_c;63
6;45632;Note_on_c;55
6;45644;Note_on_c;63
6;45668;Note_off_c;55
6;45672;Note_off_c;63
6;45700;Note_on_c;51
6;45708;Note_on_c;62
6;45732;Note_off_c;51
6;45736;Note_off_c;62
6;45768;Note_on_c;51
6;45772;Note_on_c;62
6;45796;Note_off_c;62
6;45796;Note_off_c;51
6;45824;Note_on_c;51
6;45832;Note_on_c;62
6;45852;Note_off_c;51
6;45872;Note_off_c;62
6;45900;Note_on_c;59
6;45900;Note_on_c;54
6;45928;Note_off_c;54
6;45932;Note_off_c;59
6;45964;Note_on_c;59
6;45968;Note_on_c;54
6;45992;Note_off_c;54
6;45996;Note_off_c;59
6;46020;Note_on_c;54
6;46028;Note_on_c;59
6;46048;Note_off_c;54
6;46056;Note_off_c;59
6;46276;Note_on_c;67
6;46276;Note_on_c;59
6;46304;Note_off_c;59
6;46304;Note_off_c;67
6;46340;Note_on_c;59
6;46344;Note_on_c;67
6;46364;Note_off_c;59
6;46368;Note_off_c;67
6;46400;Note_on_c;67
6;46400;Note_on_c;59
6;46424;Note_off_c;59
6;46436;Note_off_c;67
6;46472;Note_on_c;66
6;46480;Note_on_c;60
6;46504;Note_off_c;66
6;46508;Note_off_c;60
6;46524;Note_on_c;60
6;46540;Note_on_c;66
6;46556;Note_off_c;60
6;46564;Note_off_c;66
6;46588;Note_on_c;60
6;46596;Note_on_c;66
6;46628;Note_off_c;60
6;46632;Note_off_c;66
6;46660;Note_on_c;54
6;46668;Note_on_c;62
6;46688;Note_off_c;54
6;46700;Note_off_c;62
6;46724;Note_on_c;54
6;46740;Note_on_c;62
6;46748;Note_off_c;54
6;46772;Note_off_c;62
6;46784;Note_on_c;54
6;46800;Note_on_c;62
6;46812;Note_off_c;54
6;46836;Note_off_c;62
6;46848;Note_on_c;65
6;46852;Note_on_c;57
6;46876;Note_off_c;65
6;46880;Note_off_c;57
6;46908;Note_on_c;65
6;46912;Note_on_c;57
6;46936;Note_off_c;65
6;46940;Note_off_c;57
6;46968;Note_on_c;65
6;46976;Note_on_c;57
6;46996;Note_off_c;65
6;47020;Note_off_c;57
6;47040;Note_on_c;63
6;47040;Note_on_c;55
6;47060;Note_off_c;63
6;47072;Note_off_c;55
6;47096;Note_on_c;63
6;47104;Note_on_c;55
6;47120;Note_off_c;63
6;47128;Note_off_c;55
6;47152;Note_on_c;63
6;47168;Note_on_c;55
6;47192;Note_off_c;63
6;47196;Note_off_c;55
6;47224;Note_on_c;59
6;47232;Note_on_c;51
6;47256;Note_off_c;59
6;47260;Note_off_c;51
6;47288;Note_on_c;59
6;47296;Note_on_c;51
6;47320;Note_off_c;59
6;47324;Note_off_c;51
6;47352;Note_on_c;59
6;47356;Note_on_c;51
6;47384;Note_off_c;51
6;47384;Note_off_c;59
6;47408;Note_on_c;56
6;47424;Note_on_c;47
6;47444;Note_off_c;56
6;47456;Note_off_c;47
6;47484;Note_on_c;56
6;47488;Note_on_c;47
6;47504;Note_off_c;56
6;47516;Note_off_c;47
6;47536;Note_on_c;56
6;47548;Note_on_c;47
6;47564;Note_off_c;56
6;47580;Note_off_c;47
6;47608;Note_on_c;50
6;47616;Note_on_c;50
6;47616;Note_on_c;38
6;47624;Note_on_c;62
6;47624;Note_on_c;62
6;47768;Note_off_c;50
6;47792;Note_off_c;38
6;47800;Note_off_c;62
6;47804;Note_off_c;50
6;47820;Note_on_c;57
6;47828;Note_on_c;53
6;47832;Note_off_c;62
6;47844;Note_off_c;57
6;47852;Note_off_c;53
6;47884;Note_on_c;57
6;47892;Note_on_c;53
6;47904;Note_off_c;57
6;47908;Note_off_c;53
6;47936;Note_on_c;53
6;47944;Note_on_c;57
6;47976;Note_off_c;57
6;47984;Note_off_c;53
6;48008;Note_on_c;49
6;48008;Note_on_c;58
6;48036;Note_off_c;58
6;48048;Note_off_c;49
6;48072;Note_on_c;58
6;48080;Note_on_c;49
6;48096;Note_off_c;58
6;48112;Note_off_c;49
6;48132;Note_on_c;58
6;48140;Note_on_c;49
6;48168;Note_off_c;49
6;48176;Note_off_c;58
6;48196;Note_on_c;55
6;48204;Note_on_c;52
6;48232;Note_off_c;55
6;48240;Note_off_c;52
6;48264;Note_on_c;55
6;48272;Note_on_c;52
6;48296;Note_off_c;55
6;48300;Note_off_c;52
6;48324;Note_on_c;55
6;48332;Note_on_c;52
6;48356;Note_off_c;55
6;48376;Note_off_c;52
6;48388;Note_on_c;38
6;48392;Note_on_c;50
6;48392;Note_on_c;50
6;48396;Note_on_c;62
6;48400;Note_on_c;62
6;48528;Note_off_c;50
6;48540;Note_off_c;62
6;48540;Note_off_c;38
6;48552;Note_off_c;50
6;48572;Note_off_c;62
6;48580;Note_on_c;57
6;48596;Note_on_c;65
6;48612;Note_off_c;57
6;48624;Note_off_c;65
6;48640;Note_on_c;57
6;48660;Note_on_c;65
6;48672;Note_off_c;57
6;48680;Note_off_c;65
6;48704;Note_on_c;57
6;48716;Note_on_c;65
6;48740;Note_off_c;57
6;48744;Note_off_c;65
6;48772;Note_on_c;53
6;48780;Note_on_c;64
6;48804;Note_off_c;53
6;48808;Note_off_c;64
6;48840;Note_on_c;53
6;48844;Note_on_c;64
6;48868;Note_off_c;64
6;48868;Note_off_c;53
6;48896;Note_on_c;53
6;48904;Note_on_c;64
6;48924;Note_off_c;53
6;48944;Note_off_c;64
6;48972;Note_on_c;61
6;48972;Note_on_c;56
6;49000;Note_off_c;56
6;49004;Note_off_c;61
6;49036;Note_on_c;61
6;49040;Note_on_c;56
6;49064;Note_off_c;56
6;49068;Note_off_c;61
6;49092;Note_on_c;56
6;49100;Note_on_c;61
6;49120;Note_off_c;56
6;49128;Note_off_c;61
6;49152;Note_on_c;50
6;49156;Note_on_c;38
6;49160;Note_on_c;50
6;49160;Note_on_c;62
6;49172;Note_on_c;62
6;49300;Note_off_c;50
6;49308;Note_off_c;62
6;49312;Note_off_c;50
6;49312;Note_off_c;38
6;49324;Note_off_c;62
6;49348;Note_on_c;69
6;49348;Note_on_c;61
6;49376;Note_off_c;61
6;49376;Note_off_c;69
6;49412;Note_on_c;61
6;49416;Note_on_c;69
6;49436;Note_off_c;61
6;49440;Note_off_c;69
6;49472;Note_on_c;69
6;49472;Note_on_c;61
6;49496;Note_off_c;61
6;49508;Note_off_c;69
6;49544;Note_on_c;68
6;49552;Note_on_c;62
6;49576;Note_off_c;68
6;49580;Note_off_c;62
6;49596;Note_on_c;62
6;49612;Note_on_c;68
6;49628;Note_off_c;62
6;49636;Note_off_c;68
6;49660;Note_on_c;62
6;49668;Note_on_c;68
6;49700;Note_off_c;62
6;49704;Note_off_c;68
6;49732;Note_on_c;56
6;49740;Note_on_c;64
6;49760;Note_off_c;56
6;49772;Note_off_c;64
6;49796;Note_on_c;56
6;49812;Note_on_c;64
6;49820;Note_off_c;56
6;49844;Note_off_c;64
6;49856;Note_on_c;56
6;49872;Note_on_c;64
6;49884;Note_off_c;56
6;49908;Note_off_c;64
6;49920;Note_on_c;67
6;49924;Note_on_c;59
6;49948;Note_off_c;67
6;49952;Note_off_c;59
6;49980;Note_on_c;67
6;49984;Note_on_c;59
6;50008;Note_off_c;67
6;50012;Note_off_c;59
6;50040;Note_on_c;67
6;50048;Note_on_c;59
6;50068;Note_off_c;67
6;50092;Note_off_c;59
6;50112;Note_on_c;65
6;50112;Note_on_c;57
6;50132;Note_off_c;65
6;50144;Note_off_c;57
6;50168;Note_on_c;65
6;50176;Note_on_c;57
6;50192;Note_off_c;65
6;50200;Note_off_c;57
6;50224;Note_on_c;65
6;50240;Note_on_c;57
6;50264;Note_off_c;65
6;50268;Note_off_c;57
6;50296;Note_on_c;61
6;50304;Note_on_c;53
6;50328;Note_off_c;61
6;50332;Note_off_c;53
6;50360;Note_on_c;61
6;50368;Note_on_c;53
6;50392;Note_off_c;61
6;50396;Note_off_c;53
6;50424;Note_on_c;61
6;50428;Note_on_c;53
6;50456;Note_off_c;53
6;50456;Note_off_c;61
6;50480;Note_on_c;58
6;50496;Note_on_c;49
6;50516;Note_off_c;58
6;50528;Note_off_c;49
6;50556;Note_on_c;58
6;50560;Note_on_c;49
6;50576;Note_off_c;58
6;50588;Note_off_c;49
6;50612;Note_on_c;58
6;50628;Note_on_c;49
6;50640;Note_off_c;58
6;50660;Note_off_c;49
6;50688;Note_on_c;52
6;50688;Note_on_c;52
6;50748;Note_on_c;53
6;50748;Note_on_c;47
6;50768;Note_off_c;52
6;50772;Note_off_c;52
6;50808;Note_off_c;47
6;50812;Note_on_c;55
6;50812;Note_on_c;41
6;50824;Note_off_c;53
6;50876;Note_on_c;56
6;50880;Note_off_c;55
6;50880;Note_on_c;40
6;50900;Note_off_c;41
6;50940;Note_on_c;55
6;50940;Note_on_c;39
6;50948;Note_off_c;40
6;50952;Note_off_c;56
6;51004;Note_off_c;55
6;51004;Note_off_c;39
6;51004;Note_on_c;56
6;51004;Note_on_c;40
6;51072;Note_on_c;44
6;51072;Note_on_c;53
6;51076;Note_off_c;40
6;51084;Note_off_c;56
6;51124;Note_off_c;53
6;51132;Note_on_c;52
6;51144;Note_on_c;43
6;51152;Note_off_c;44
6;51196;Note_on_c;53
6;51196;Note_on_c;44
6;51208;Note_off_c;52
6;51216;Note_off_c;43
6;51260;Note_off_c;44
6;51260;Note_on_c;60
6;51264;Note_off_c;53
6;51264;Note_on_c;47
6;51324;Note_off_c;60
6;51324;Note_on_c;59
6;51328;Note_off_c;47
6;51328;Note_on_c;46
6;51384;Note_off_c;59
6;51388;Note_on_c;60
6;51392;Note_off_c;46
6;51392;Note_on_c;47
6;51444;Note_off_c;47
6;51448;Note_off_c;60
6;51460;Note_on_c;52
6;51464;Note_on_c;60
6;51520;Note_on_c;59
6;51524;Note_on_c;48
6;51532;Note_off_c;52
6;51540;Note_off_c;60
6;51584;Note_off_c;48
6;51584;Note_on_c;47
6;51584;Note_on_c;57
6;51588;Note_off_c;59
6;51652;Note_on_c;53
6;51660;Note_off_c;47
6;51664;Note_on_c;56
6;51700;Note_off_c;57
6;51712;Note_on_c;52
6;51720;Note_off_c;56
6;51724;Note_off_c;53
6;51724;Note_on_c;59
6;51776;Note_on_c;48
6;51784;Note_on_c;64
6;51788;Note_off_c;59
6;51800;Note_off_c;52
6;51820;Note_off_c;64
6;51828;Note_off_c;48
6;51840;Note_on_c;41
6;51852;Note_on_c;64
6;51904;Note_on_c;44
6;51912;Note_off_c;64
6;51916;Note_on_c;60
6;51928;Note_off_c;41
6;51972;Note_on_c;47
6;51972;Note_on_c;59
6;51976;Note_off_c;44
6;51980;Note_off_c;60
6;52036;Note_off_c;47
6;52036;Note_off_c;59
6;52036;Note_on_c;48
6;52040;Note_on_c;56
6;52096;Note_off_c;48
6;52096;Note_on_c;47
6;52108;Note_on_c;64
6;52120;Note_off_c;56
6;52160;Note_on_c;48
6;52164;Note_on_c;68
6;52168;Note_off_c;64
6;52168;Note_off_c;47
6;52200;Note_off_c;68
6;52228;Note_off_c;48
6;52420;Note_on_c;60
6;52420;Note_on_c;64
6;52420;Note_on_c;68
6;52420;Note_on_c;60
6;52420;Note_on_c;64
6;52420;Note_on_c;68
6;52448;Note_off_c;68
6;52448;Note_off_c;68
6;52452;Note_off_c;64
6;52452;Note_off_c;64
6;52456;Note_off_c;60
6;52456;Note_off_c;60
6;52492;Note_on_c;60
6;52492;Note_on_c;68
6;52492;Note_on_c;64
6;52492;Note_on_c;60
6;52492;Note_on_c;68
6;52492;Note_on_c;64
6;52516;Note_off_c;68
6;52516;Note_off_c;68
6;52520;Note_off_c;64
6;52520;Note_off_c;64
6;52524;Note_off_c;60
6;52524;Note_off_c;60
6;52548;Note_on_c;64
6;52548;Note_on_c;68
6;52548;Note_on_c;64
6;52548;Note_on_c;68
6;52552;Note_on_c;60
6;52552;Note_on_c;60
6;52576;Note_off_c;68
6;52576;Note_off_c;68
6;52580;Note_off_c;64
6;52580;Note_off_c;64
6;52584;Note_off_c;60
6;52584;Note_off_c;60
6;52612;Note_on_c;65
6;52612;Note_on_c;65
6;52616;Note_on_c;69
6;52616;Note_on_c;61
6;52616;Note_on_c;69
6;52616;Note_on_c;61
6;52644;Note_off_c;65
6;52644;Note_off_c;65
6;52648;Note_off_c;61
6;52648;Note_off_c;69
6;52648;Note_off_c;61
6;52648;Note_off_c;69
6;52676;Note_on_c;69
6;52676;Note_on_c;65
6;52676;Note_on_c;69
6;52676;Note_on_c;65
6;52680;Note_on_c;61
6;52680;Note_on_c;61
6;52704;Note_off_c;61
6;52704;Note_off_c;69
6;52704;Note_off_c;61
6;52704;Note_off_c;69
6;52708;Note_off_c;65
6;52708;Note_off_c;65
6;52736;Note_on_c;69
6;52736;Note_on_c;65
6;52736;Note_on_c;61
6;52736;Note_on_c;69
6;52736;Note_on_c;65
6;52736;Note_on_c;61
6;52764;Note_off_c;69
6;52764;Note_off_c;69
6;52768;Note_off_c;61
6;52768;Note_off_c;65
6;52768;Note_off_c;61
6;52768;Note_off_c;65
6;52812;Note_on_c;58
6;52812;Note_on_c;66
6;52812;Note_on_c;58
6;52812;Note_on_c;66
6;52816;Note_on_c;62
6;52816;Note_on_c;62
6;52840;Note_off_c;66
6;52840;Note_off_c;66
6;52844;Note_off_c;58
6;52844;Note_off_c;58
6;52848;Note_off_c;62
6;52848;Note_off_c;62
6;52872;Note_on_c;62
6;52872;Note_on_c;66
6;52872;Note_on_c;62
6;52872;Note_on_c;66
6;52876;Note_on_c;58
6;52876;Note_on_c;58
6;52896;Note_off_c;66
6;52896;Note_off_c;66
6;52900;Note_off_c;62
6;52900;Note_off_c;62
6;52904;Note_off_c;58
6;52904;Note_off_c;58
6;52928;Note_on_c;62
6;52928;Note_on_c;62
6;52932;Note_on_c;66
6;52932;Note_on_c;66
6;52936;Note_on_c;58
6;52936;Note_on_c;58
6;52968;Note_off_c;66
6;52968;Note_off_c;66
6;52972;Note_off_c;58
6;52972;Note_off_c;62
6;52972;Note_off_c;58
6;52972;Note_off_c;62
6;52996;Note_on_c;53
6;52996;Note_on_c;61
6;53000;Note_on_c;38
6;53000;Note_on_c;49
6;53080;Note_off_c;53
6;53088;Note_off_c;61
6;53092;Note_off_c;49
6;53096;Note_off_c;38
6;53192;Note_on_c;64
6;53192;Note_on_c;68
6;53192;Note_on_c;60
6;53192;Note_on_c;64
6;53192;Note_on_c;68
6;53192;Note_on_c;60
6;53220;Note_off_c;68
6;53220;Note_off_c;68
6;53224;Note_off_c;64
6;53224;Note_off_c;64
6;53228;Note_off_c;60
6;53228;Note_off_c;60
6;53260;Note_on_c;68
6;53260;Note_on_c;64
6;53260;Note_on_c;60
6;53260;Note_on_c;68
6;53260;Note_on_c;64
6;53260;Note_on_c;60
6;53284;Note_off_c;68
6;53284;Note_off_c;68
6;53288;Note_off_c;60
6;53288;Note_off_c;64
6;53288;Note_off_c;60
6;53288;Note_off_c;64
6;53312;Note_on_c;64
6;53312;Note_on_c;68
6;53312;Note_on_c;64
6;53312;Note_on_c;68
6;53316;Note_on_c;60
6;53316;Note_on_c;60
6;53340;Note_off_c;68
6;53340;Note_off_c;68
6;53344;Note_off_c;64
6;53344;Note_off_c;64
6;53348;Note_off_c;60
6;53348;Note_off_c;60
6;53384;Note_on_c;65
6;53384;Note_on_c;61
6;53384;Note_on_c;65
6;53384;Note_on_c;61
6;53388;Note_on_c;69
6;53388;Note_on_c;69
6;53412;Note_off_c;69
6;53412;Note_off_c;69
6;53416;Note_off_c;65
6;53416;Note_off_c;65
6;53420;Note_off_c;61
6;53420;Note_off_c;61
6;53448;Note_on_c;69
6;53448;Note_on_c;65
6;53448;Note_on_c;69
6;53448;Note_on_c;65
6;53452;Note_on_c;61
6;53452;Note_on_c;61
6;53472;Note_off_c;69
6;53472;Note_off_c;69
6;53476;Note_off_c;61
6;53476;Note_off_c;65
6;53476;Note_off_c;61
6;53476;Note_off_c;65
6;53508;Note_on_c;65
6;53508;Note_on_c;69
6;53508;Note_on_c;61
6;53508;Note_on_c;65
6;53508;Note_on_c;69
6;53508;Note_on_c;61
6;53536;Note_off_c;69
6;53536;Note_off_c;69
6;53540;Note_off_c;61
6;53540;Note_off_c;65
6;53540;Note_off_c;61
6;53540;Note_off_c;65
6;53584;Note_on_c;62
6;53584;Note_on_c;66
6;53584;Note_on_c;62
6;53584;Note_on_c;66
6;53588;Note_on_c;58
6;53588;Note_on_c;58
6;53616;Note_off_c;66
6;53616;Note_off_c;66
6;53620;Note_off_c;62
6;53620;Note_off_c;62
6;53624;Note_off_c;58
6;53624;Note_off_c;58
6;53648;Note_on_c;66
6;53648;Note_on_c;62
6;53648;Note_on_c;66
6;53648;Note_on_c;62
6;53652;Note_on_c;58
6;53652;Note_on_c;58
6;53672;Note_off_c;66
6;53672;Note_off_c;66
6;53676;Note_off_c;62
6;53676;Note_off_c;62
6;53688;Note_off_c;58
6;53688;Note_off_c;58
6;53696;Note_on_c;62
6;53700;Note_on_c;66
6;53704;Note_on_c;58
6;53736;Note_off_c;66
6;53740;Note_off_c;58
6;53740;Note_off_c;62
6;53764;Note_on_c;53
6;53764;Note_on_c;61
6;53768;Note_on_c;49
6;53776;Note_on_c;38
6;53848;Note_off_c;38
6;53852;Note_off_c;53
6;53856;Note_off_c;61
6;53864;Note_off_c;49
6;53956;Note_on_c;64
6;53956;Note_on_c;68
6;53956;Note_on_c;72
6;53956;Note_on_c;60
6;53956;Note_on_c;64
6;53956;Note_on_c;68
6;53984;Note_off_c;72
6;53984;Note_off_c;68
6;53988;Note_off_c;68
6;53988;Note_off_c;64
6;53992;Note_off_c;64
6;53992;Note_off_c;60
6;54028;Note_on_c;64
6;54028;Note_on_c;72
6;54028;Note_on_c;68
6;54028;Note_on_c;60
6;54028;Note_on_c;68
6;54028;Note_on_c;64
6;54052;Note_off_c;72
6;54052;Note_off_c;68
6;54056;Note_off_c;68
6;54056;Note_off_c;64
6;54060;Note_off_c;64
6;54060;Note_off_c;60
6;54084;Note_on_c;68
6;54084;Note_on_c;72
6;54084;Note_on_c;64
6;54084;Note_on_c;68
6;54088;Note_on_c;64
6;54088;Note_on_c;60
6;54112;Note_off_c;72
6;54112;Note_off_c;68
6;54116;Note_off_c;68
6;54116;Note_off_c;64
6;54120;Note_off_c;64
6;54120;Note_off_c;60
6;54148;Note_on_c;69
6;54148;Note_on_c;65
6;54152;Note_on_c;73
6;54152;Note_on_c;65
6;54152;Note_on_c;69
6;54152;Note_on_c;61
6;54180;Note_off_c;69
6;54180;Note_off_c;65
6;54184;Note_off_c;65
6;54184;Note_off_c;73
6;54184;Note_off_c;61
6;54184;Note_off_c;69
6;54212;Note_on_c;73
6;54212;Note_on_c;69
6;54212;Note_on_c;69
6;54212;Note_on_c;65
6;54216;Note_on_c;65
6;54216;Note_on_c;61
6;54240;Note_off_c;65
6;54240;Note_off_c;73
6;54240;Note_off_c;61
6;54240;Note_off_c;69
6;54244;Note_off_c;69
6;54244;Note_off_c;65
6;54272;Note_on_c;73
6;54272;Note_on_c;69
6;54272;Note_on_c;65
6;54272;Note_on_c;69
6;54272;Note_on_c;65
6;54272;Note_on_c;61
6;54300;Note_off_c;73
6;54300;Note_off_c;69
6;54304;Note_off_c;65
6;54304;Note_off_c;69
6;54304;Note_off_c;61
6;54304;Note_off_c;65
6;54348;Note_on_c;62
6;54348;Note_on_c;70
6;54348;Note_on_c;58
6;54348;Note_on_c;66
6;54352;Note_on_c;66
6;54352;Note_on_c;62
6;54376;Note_off_c;70
6;54376;Note_off_c;66
6;54380;Note_off_c;62
6;54380;Note_off_c;58
6;54384;Note_off_c;66
6;54384;Note_off_c;62
6;54408;Note_on_c;66
6;54408;Note_on_c;70
6;54408;Note_on_c;62
6;54408;Note_on_c;66
6;54412;Note_on_c;62
6;54412;Note_on_c;58
6;54432;Note_off_c;70
6;54432;Note_off_c;66
6;54436;Note_off_c;66
6;54436;Note_off_c;62
6;54440;Note_off_c;62
6;54440;Note_off_c;58
6;54464;Note_on_c;66
6;54464;Note_on_c;62
6;54468;Note_on_c;70
6;54468;Note_on_c;66
6;54472;Note_on_c;62
6;54472;Note_on_c;58
6;54504;Note_off_c;70
6;54504;Note_off_c;66
6;54508;Note_off_c;62
6;54508;Note_off_c;66
6;54508;Note_off_c;58
6;54508;Note_off_c;62
6;54532;Note_on_c;53
6;54536;Note_on_c;61
6;54540;Note_on_c;49
6;54540;Note_on_c;38
6;54600;Note_off_c;53
6;54604;Note_off_c;61
6;54620;Note_off_c;38
6;54632;Note_off_c;49
6;54728;Note_on_c;68
6;54728;Note_on_c;72
6;54728;Note_on_c;64
6;54728;Note_on_c;64
6;54728;Note_on_c;68
6;54728;Note_on_c;60
6;54756;Note_off_c;68
6;54760;Note_off_c;64
6;54764;Note_off_c;72
6;54764;Note_off_c;60
6;54768;Note_off_c;64
6;54768;Note_off_c;68
6;54796;Note_on_c;72
6;54796;Note_on_c;68
6;54796;Note_on_c;64
6;54796;Note_on_c;68
6;54796;Note_on_c;64
6;54796;Note_on_c;60
6;54820;Note_off_c;68
6;54824;Note_off_c;72
6;54824;Note_off_c;60
6;54824;Note_off_c;64
6;54828;Note_off_c;64
6;54832;Note_off_c;68
6;54848;Note_on_c;68
6;54848;Note_on_c;72
6;54848;Note_on_c;64
6;54848;Note_on_c;68
6;54852;Note_on_c;64
6;54852;Note_on_c;60
6;54876;Note_off_c;68
6;54880;Note_off_c;64
6;54884;Note_off_c;72
6;54884;Note_off_c;60
6;54888;Note_off_c;68
6;54892;Note_off_c;64
6;54920;Note_on_c;69
6;54920;Note_on_c;65
6;54920;Note_on_c;65
6;54920;Note_on_c;61
6;54924;Note_on_c;73
6;54924;Note_on_c;69
6;54948;Note_off_c;69
6;54952;Note_off_c;73
6;54952;Note_off_c;65
6;54956;Note_off_c;69
6;54956;Note_off_c;61
6;54960;Note_off_c;65
6;54984;Note_on_c;73
6;54984;Note_on_c;69
6;54984;Note_on_c;69
6;54984;Note_on_c;65
6;54988;Note_on_c;65
6;54988;Note_on_c;61
6;55008;Note_off_c;69
6;55012;Note_off_c;61
6;55012;Note_off_c;65
6;55016;Note_off_c;69
6;55016;Note_off_c;73
6;55020;Note_off_c;65
6;55044;Note_on_c;69
6;55044;Note_on_c;73
6;55044;Note_on_c;65
6;55044;Note_on_c;65
6;55044;Note_on_c;69
6;55044;Note_on_c;61
6;55072;Note_off_c;69
6;55076;Note_off_c;73
6;55076;Note_off_c;61
6;55076;Note_off_c;65
6;55080;Note_off_c;69
6;55084;Note_off_c;65
6;55120;Note_on_c;66
6;55120;Note_on_c;70
6;55120;Note_on_c;62
6;55120;Note_on_c;66
6;55124;Note_on_c;62
6;55124;Note_on_c;58
6;55152;Note_off_c;66
6;55156;Note_off_c;70
6;55156;Note_off_c;62
6;55160;Note_off_c;58
6;55164;Note_off_c;62
6;55164;Note_off_c;66
6;55184;Note_on_c;70
6;55184;Note_on_c;66
6;55184;Note_on_c;66
6;55184;Note_on_c;62
6;55188;Note_on_c;62
6;55188;Note_on_c;58
6;55208;Note_off_c;66
6;55212;Note_off_c;62
6;55216;Note_off_c;70
6;55220;Note_off_c;66
6;55224;Note_off_c;58
6;55228;Note_off_c;62
6;55240;Note_on_c;66
6;55240;Note_on_c;70
6;55240;Note_on_c;62
6;55240;Note_on_c;62
6;55240;Note_on_c;66
6;55240;Note_on_c;58
6;55272;Note_off_c;66
6;55276;Note_off_c;58
6;55280;Note_off_c;70
6;55280;Note_off_c;62
6;55284;Note_off_c;62
6;55288;Note_off_c;66
6;55316;Note_on_c;54
6;55324;Note_on_c;49
6;55324;Note_on_c;42
6;55328;Note_on_c;67
6;55328;Note_on_c;72
6;55332;Note_on_c;60
6;55476;Note_off_c;54
6;55484;Note_off_c;42
6;55484;Note_off_c;49
6;55488;Note_off_c;72
6;55488;Note_off_c;67
6;55492;Note_off_c;60
6;55700;Note_on_c;67
6;55700;Note_on_c;60
6;55700;Note_on_c;72
6;55708;Note_on_c;54
6;55712;Note_on_c;49
6;55712;Note_on_c;42
6;55780;Note_off_c;72
6;55780;Note_off_c;67
6;55792;Note_off_c;60
6;55792;Note_off_c;42
6;55792;Note_off_c;49
6;55800;Note_off_c;54
6;55888;Note_on_c;54
6;55888;Note_on_c;49
6;55892;Note_on_c;42
6;55896;Note_on_c;72
6;55900;Note_on_c;67
6;55904;Note_on_c;60
6;56048;Note_off_c;49
6;56048;Note_off_c;54
6;56052;Note_off_c;42
6;56056;Note_off_c;72
6;56060;Note_off_c;67
6;56064;Note_off_c;60
6;56268;Note_on_c;67
6;56272;Note_on_c;72
6;56276;Note_on_c;60
6;56276;Note_on_c;54
6;56280;Note_on_c;49
6;56284;Note_on_c;42
6;56428;Note_off_c;67
6;56432;Note_off_c;72
6;56436;Note_off_c;60
6;56436;Note_off_c;54
6;56440;Note_off_c;49
6;56444;Note_off_c;42
6;56648;Note_on_c;60
6;56648;Note_on_c;67
6;56648;Note_on_c;72
6;56648;Note_on_c;54
6;56652;Note_on_c;49
6;56656;Note_on_c;42
6;56808;Note_off_c;72
6;56808;Note_off_c;67
6;56808;Note_off_c;60
6;56808;Note_off_c;54
6;56812;Note_off_c;49
6;56816;Note_off_c;42
6;57032;Note_on_c;72
6;57032;Note_on_c;67
6;57032;Note_on_c;60
6;57036;Note_on_c;54
6;57040;Note_on_c;49
6;57040;Note_on_c;42
6;57192;Note_off_c;60
6;57192;Note_off_c;67
6;57192;Note_off_c;72
6;57196;Note_off_c;54
6;57200;Note_off_c;42
6;57200;Note_off_c;49
6;57420;Note_on_c;67
6;57424;Note_on_c;72
6;57428;Note_on_c;60
6;57428;Note_on_c;54
6;57432;Note_on_c;49
6;57436;Note_on_c;42
6;57580;Note_off_c;67
6;57584;Note_off_c;72
6;57588;Note_off_c;60
6;57588;Note_off_c;54
6;57592;Note_off_c;49
6;57596;Note_off_c;42
6;57812;Note_on_c;67
6;57812;Note_on_c;60
6;57812;Note_on_c;72
6;57820;Note_on_c;54
6;57824;Note_on_c;49
6;57824;Note_on_c;42
6;57892;Note_off_c;72
6;57892;Note_off_c;67
6;57904;Note_off_c;60
6;57904;Note_off_c;42
6;57904;Note_off_c;49
6;57912;Note_off_c;54
6;58000;Note_on_c;54
6;58000;Note_on_c;49
6;58004;Note_on_c;42
6;58008;Note_on_c;72
6;58012;Note_on_c;67
6;58016;Note_on_c;60
6;58160;Note_off_c;49
6;58160;Note_off_c;54
6;58164;Note_off_c;42
6;58168;Note_off_c;72
6;58172;Note_off_c;67
6;58176;Note_off_c;60
6;58380;Note_on_c;67
6;58384;Note_on_c;72
6;58388;Note_on_c;60
6;58388;Note_on_c;54
6;58392;Note_on_c;49
6;58396;Note_on_c;42
6;58540;Note_off_c;67
6;58544;Note_off_c;72
6;58548;Note_off_c;60
6;58548;Note_off_c;54
6;58552;Note_off_c;49
6;58556;Note_off_c;42
6;58760;Note_on_c;60
6;58760;Note_on_c;67
6;58760;Note_on_c;72
6;58760;Note_on_c;54
6;58764;Note_on_c;49
6;58768;Note_on_c;42
6;58920;Note_off_c;72
6;58920;Note_off_c;67
6;58920;Note_off_c;60
6;58920;Note_off_c;54
6;58924;Note_off_c;49
6;58928;Note_off_c;42
6;59144;Note_on_c;72
6;59144;Note_on_c;67
6;59144;Note_on_c;60
6;59148;Note_on_c;54
6;59152;Note_on_c;49
6;59152;Note_on_c;42
6;59304;Note_off_c;60
6;59304;Note_off_c;67
6;59304;Note_off_c;72
6;59308;Note_off_c;54
6;59312;Note_off_c;42
6;59312;Note_off_c;49
6;59532;Note_on_c;67
6;59536;Note_on_c;72
6;59540;Note_on_c;60
6;59540;Note_on_c;54
6;59544;Note_on_c;49
6;59548;Note_on_c;42
6;59692;Note_off_c;67
6;59696;Note_off_c;72
6;59700;Note_off_c;60
6;59700;Note_off_c;54
6;59704;Note_off_c;49
6;59708;Note_off_c;42
6;59904;Note_on_c;54
6;59904;Note_on_c;49
6;59904;Note_on_c;42
6;59912;Note_on_c;72
6;59912;Note_on_c;67
6;59912;Note_on_c;60
6;59976;Note_off_c;42
6;59980;Note_off_c;49
6;59980;Note_off_c;54
6;59984;Note_off_c;72
6;59988;Note_off_c;67
6;59996;Note_off_c;60
6;60100;Note_on_c;54
6;60100;Note_on_c;49
6;60100;Note_on_c;42
6;60116;Note_on_c;72
6;60116;Note_on_c;67
6;60116;Note_on_c;60
6;60196;Note_off_c;42
6;60204;Note_off_c;54
6;60208;Note_off_c;67
6;60208;Note_off_c;72
6;60212;Note_off_c;49
6;60212;End_track;
6;60224;Note_off_c;60
6;60224;End_track;
6;60864;Note_on_c;38
6;60864;Note_on_c;26
6;62212;Note_off_c;26
6;62212;Note_off_c;38
6;62212;End_track;
