4;0;Note_on_c;82
4;0;Note_on_c;37
4;0;Note_on_c;37
4;179;Note_off_c;82
4;180;Note_on_c;80
4;209;Note_off_c;80
4;240;Note_on_c;75
4;509;Note_off_c;75
4;540;Note_on_c;82
4;569;Note_off_c;82
4;600;Note_on_c;80
4;659;Note_off_c;80
4;660;Note_on_c;85
4;689;Note_off_c;85
4;690;Note_on_c;82
4;719;Note_off_c;82
4;750;Note_on_c;82
4;779;Note_off_c;82
4;780;Note_on_c;80
4;809;Note_off_c;80
4;840;Note_on_c;75
4;869;Note_off_c;75
4;899;Note_off_c;37
4;900;Note_on_c;44
4;959;Note_off_c;44
4;960;Note_on_c;82
4;960;Note_on_c;49
4;960;Note_on_c;49
4;1139;Note_off_c;82
4;1140;Note_on_c;80
4;1169;Note_off_c;80
4;1200;Note_on_c;75
4;1499;Note_off_c;75
4;1500;Note_on_c;82
4;1529;Note_off_c;82
4;1560;Note_on_c;80
4;1589;Note_off_c;80
4;1620;Note_on_c;85
4;1649;Note_off_c;85
4;1650;Note_on_c;82
4;1679;Note_off_c;82
4;1710;Note_on_c;82
4;1739;Note_off_c;82
4;1739;Note_off_c;49
4;1740;Note_on_c;80
4;1740;Note_on_c;44
4;1769;Note_off_c;80
4;1799;Note_off_c;44
4;1800;Note_on_c;75
4;1800;Note_on_c;49
4;1859;Note_off_c;75
4;1859;Note_off_c;49
4;1860;Note_on_c;44
4;1889;Note_off_c;49
4;1919;Note_off_c;37
4;1919;Note_off_c;44
4;1920;Note_on_c;82
4;1920;Note_on_c;94
4;1920;Note_on_c;37
4;1920;Note_on_c;37
4;2099;Note_off_c;94
4;2099;Note_off_c;82
4;2100;Note_on_c;80
4;2100;Note_on_c;92
4;2129;Note_off_c;92
4;2129;Note_off_c;80
4;2160;Note_on_c;75
4;2160;Note_on_c;87
4;2340;Note_on_c;44
4;2369;Note_off_c;37
4;2399;Note_off_c;44
4;2400;Note_on_c;49
4;2429;Note_off_c;87
4;2429;Note_off_c;75
4;2460;Note_on_c;82
4;2460;Note_on_c;94
4;2489;Note_off_c;94
4;2489;Note_off_c;82
4;2520;Note_on_c;80
4;2520;Note_on_c;92
4;2579;Note_off_c;92
4;2579;Note_off_c;80
4;2580;Note_on_c;85
4;2580;Note_on_c;97
4;2609;Note_off_c;97
4;2609;Note_off_c;85
4;2610;Note_on_c;82
4;2610;Note_on_c;94
4;2639;Note_off_c;94
4;2639;Note_off_c;82
4;2670;Note_on_c;82
4;2670;Note_on_c;94
4;2699;Note_off_c;94
4;2699;Note_off_c;82
4;2700;Note_on_c;80
4;2700;Note_on_c;92
4;2700;Note_on_c;44
4;2729;Note_off_c;92
4;2729;Note_off_c;80
4;2729;Note_off_c;49
4;2759;Note_off_c;44
4;2760;Note_on_c;75
4;2760;Note_on_c;87
4;2760;Note_on_c;49
4;2789;Note_off_c;87
4;2789;Note_off_c;75
4;2819;Note_off_c;49
4;2820;Note_on_c;44
4;2879;Note_off_c;44
4;2880;Note_on_c;82
4;2880;Note_on_c;94
4;2880;Note_on_c;49
4;2880;Note_on_c;37
4;3059;Note_off_c;94
4;3059;Note_off_c;82
4;3060;Note_on_c;80
4;3060;Note_on_c;92
4;3089;Note_off_c;92
4;3089;Note_off_c;80
4;3120;Note_on_c;75
4;3120;Note_on_c;87
4;3299;Note_off_c;37
4;3300;Note_on_c;44
4;3359;Note_off_c;44
4;3360;Note_on_c;49
4;3419;Note_off_c;87
4;3419;Note_off_c;75
4;3420;Note_on_c;82
4;3420;Note_on_c;94
4;3449;Note_off_c;94
4;3449;Note_off_c;82
4;3480;Note_on_c;80
4;3480;Note_on_c;92
4;3509;Note_off_c;92
4;3509;Note_off_c;80
4;3539;Note_off_c;49
4;3540;Note_on_c;85
4;3540;Note_on_c;97
4;3540;Note_on_c;44
4;3569;Note_off_c;97
4;3569;Note_off_c;85
4;3570;Note_on_c;82
4;3570;Note_on_c;94
4;3599;Note_off_c;94
4;3599;Note_off_c;82
4;3599;Note_off_c;44
4;3600;Note_on_c;49
4;3630;Note_on_c;82
4;3630;Note_on_c;94
4;3659;Note_off_c;94
4;3659;Note_off_c;82
4;3659;Note_off_c;49
4;3660;Note_on_c;80
4;3660;Note_on_c;92
4;3660;Note_on_c;44
4;3689;Note_off_c;92
4;3689;Note_off_c;80
4;3719;Note_off_c;44
4;3720;Note_on_c;75
4;3720;Note_on_c;87
4;3720;Note_on_c;49
4;3779;Note_off_c;87
4;3779;Note_off_c;75
4;3779;Note_off_c;49
4;3780;Note_on_c;44
4;3809;Note_off_c;49
4;3809;Note_off_c;44
4;3839;Note_off_c;37
4;3840;Note_on_c;61
4;3840;Note_on_c;42
4;3891;Note_off_c;61
4;3899;Note_off_c;42
4;3900;Note_on_c;58
4;3900;Note_on_c;54
4;3959;Note_off_c;54
4;3960;Note_on_c;42
4;3963;Note_off_c;58
4;4019;Note_off_c;42
4;4020;Note_on_c;54
4;4079;Note_off_c;54
4;4080;Note_on_c;42
4;4139;Note_off_c;42
4;4140;Note_on_c;54
4;4191;Note_on_c;58
4;4199;Note_off_c;54
4;4200;Note_on_c;42
4;4247;Note_off_c;58
4;4251;Note_on_c;56
4;4259;Note_off_c;42
4;4260;Note_on_c;54
4;4306;Note_off_c;56
4;4314;Note_on_c;54
4;4319;Note_off_c;54
4;4320;Note_on_c;42
4;4365;Note_off_c;54
4;4377;Note_on_c;56
4;4379;Note_off_c;42
4;4380;Note_on_c;54
4;4429;Note_off_c;56
4;4433;Note_on_c;58
4;4439;Note_off_c;54
4;4440;Note_on_c;42
4;4480;Note_off_c;58
4;4490;Note_on_c;61
4;4499;Note_off_c;42
4;4500;Note_on_c;54
4;4559;Note_off_c;54
4;4560;Note_on_c;42
4;4577;Note_off_c;61
4;4614;Note_on_c;58
4;4619;Note_off_c;42
4;4620;Note_on_c;54
4;4659;Note_off_c;58
4;4679;Note_on_c;61
4;4679;Note_off_c;54
4;4680;Note_on_c;46
4;4739;Note_off_c;46
4;4740;Note_on_c;58
4;4754;Note_off_c;61
4;4796;Note_on_c;63
4;4799;Note_off_c;58
4;4800;Note_on_c;39
4;4857;Note_on_c;58
4;4859;Note_off_c;39
4;4860;Note_on_c;51
4;4861;Note_off_c;63
4;4919;Note_off_c;51
4;4920;Note_on_c;39
4;4931;Note_off_c;58
4;4979;Note_off_c;39
4;4980;Note_on_c;51
4;5039;Note_off_c;51
4;5040;Note_on_c;39
4;5099;Note_off_c;39
4;5100;Note_on_c;51
4;5151;Note_on_c;58
4;5159;Note_off_c;51
4;5160;Note_on_c;39
4;5200;Note_off_c;58
4;5208;Note_on_c;56
4;5219;Note_off_c;39
4;5220;Note_on_c;51
4;5261;Note_off_c;56
4;5269;Note_on_c;54
4;5279;Note_off_c;51
4;5280;Note_on_c;39
4;5313;Note_off_c;54
4;5331;Note_on_c;56
4;5339;Note_off_c;39
4;5340;Note_on_c;51
4;5383;Note_off_c;56
4;5392;Note_on_c;58
4;5399;Note_off_c;51
4;5400;Note_on_c;39
4;5438;Note_off_c;58
4;5450;Note_on_c;61
4;5459;Note_off_c;39
4;5460;Note_on_c;51
4;5519;Note_off_c;51
4;5520;Note_on_c;39
4;5539;Note_off_c;61
4;5575;Note_on_c;58
4;5579;Note_off_c;39
4;5580;Note_on_c;51
4;5622;Note_off_c;58
4;5636;Note_on_c;61
4;5639;Note_off_c;51
4;5640;Note_on_c;42
4;5699;Note_off_c;42
4;5700;Note_on_c;54
4;5716;Note_off_c;61
4;5751;Note_on_c;63
4;5759;Note_off_c;54
4;5760;Note_on_c;47
4;5811;Note_off_c;63
4;5815;Note_on_c;59
4;5819;Note_off_c;47
4;5880;Note_on_c;47
4;5898;Note_off_c;59
4;5939;Note_off_c;47
4;5940;Note_on_c;59
4;5999;Note_off_c;59
4;6000;Note_on_c;47
4;6059;Note_off_c;47
4;6060;Note_on_c;59
4;6110;Note_on_c;59
4;6119;Note_off_c;59
4;6120;Note_on_c;47
4;6165;Note_off_c;59
4;6172;Note_on_c;58
4;6179;Note_off_c;47
4;6180;Note_on_c;59
4;6225;Note_off_c;58
4;6229;Note_on_c;56
4;6239;Note_off_c;59
4;6240;Note_on_c;47
4;6277;Note_off_c;56
4;6289;Note_on_c;58
4;6299;Note_off_c;47
4;6300;Note_on_c;59
4;6343;Note_off_c;58
4;6351;Note_on_c;59
4;6359;Note_off_c;59
4;6360;Note_on_c;47
4;6406;Note_off_c;59
4;6419;Note_on_c;63
4;6419;Note_off_c;47
4;6420;Note_on_c;59
4;6479;Note_off_c;59
4;6480;Note_on_c;47
4;6495;Note_off_c;63
4;6535;Note_on_c;66
4;6539;Note_off_c;47
4;6540;Note_on_c;59
4;6587;Note_off_c;66
4;6599;Note_off_c;59
4;6600;Note_on_c;63
4;6600;Note_on_c;47
4;6659;Note_off_c;47
4;6660;Note_on_c;59
4;6679;Note_off_c;63
4;6719;Note_on_c;65
4;6719;Note_off_c;59
4;6720;Note_on_c;41
4;6824;Note_off_c;65
4;6897;Note_on_c;63
4;6899;Note_off_c;41
4;6900;Note_on_c;39
4;6900;Note_on_c;51
4;7007;Note_off_c;63
4;7071;Note_on_c;61
4;7079;Note_off_c;51
4;7079;Note_off_c;39
4;7080;Note_on_c;37
4;7080;Note_on_c;49
4;7202;Note_off_c;61
4;7253;Note_on_c;59
4;7259;Note_off_c;49
4;7259;Note_off_c;37
4;7260;Note_on_c;47
4;7260;Note_on_c;59
4;7374;Note_off_c;59
4;7379;Note_off_c;59
4;7426;Note_on_c;58
4;7439;Note_off_c;47
4;7440;Note_on_c;46
4;7440;Note_on_c;58
4;7518;Note_off_c;58
4;7556;Note_on_c;56
4;7559;Note_off_c;58
4;7559;Note_off_c;46
4;7560;Note_on_c;44
4;7560;Note_on_c;56
4;7634;Note_off_c;56
4;7677;Note_on_c;61
4;7679;Note_off_c;56
4;7679;Note_off_c;44
4;7680;Note_on_c;42
4;7688;Note_on_c;70
4;7731;Note_off_c;61
4;7736;Note_on_c;58
4;7739;Note_off_c;42
4;7740;Note_on_c;54
4;7745;Note_on_c;73
4;7750;Note_off_c;70
4;7782;Note_off_c;73
4;7799;Note_off_c;54
4;7800;Note_on_c;42
4;7811;Note_off_c;58
4;7855;Note_on_c;75
4;7859;Note_off_c;42
4;7860;Note_on_c;54
4;7892;Note_off_c;75
4;7919;Note_off_c;54
4;7920;Note_on_c;42
4;7974;Note_on_c;78
4;7979;Note_off_c;42
4;7980;Note_on_c;54
4;8005;Note_off_c;78
4;8038;Note_on_c;58
4;8039;Note_off_c;54
4;8040;Note_on_c;42
4;8090;Note_off_c;58
4;8096;Note_on_c;56
4;8099;Note_off_c;42
4;8100;Note_on_c;54
4;8101;Note_on_c;78
4;8110;Note_on_c;80
4;8121;Note_off_c;78
4;8147;Note_off_c;56
4;8156;Note_on_c;54
4;8159;Note_off_c;54
4;8160;Note_on_c;42
4;8209;Note_off_c;54
4;8217;Note_on_c;56
4;8219;Note_off_c;42
4;8220;Note_on_c;54
4;8225;Note_on_c;78
4;8233;Note_off_c;80
4;8268;Note_off_c;56
4;8276;Note_on_c;58
4;8279;Note_off_c;54
4;8280;Note_on_c;42
4;8286;Note_on_c;75
4;8289;Note_off_c;78
4;8326;Note_off_c;58
4;8332;Note_off_c;75
4;8339;Note_off_c;42
4;8340;Note_on_c;61
4;8340;Note_on_c;54
4;8350;Note_on_c;73
4;8357;Note_on_c;75
4;8369;Note_off_c;73
4;8399;Note_off_c;54
4;8400;Note_on_c;42
4;8439;Note_off_c;61
4;8459;Note_off_c;42
4;8460;Note_on_c;54
4;8471;Note_on_c;58
4;8515;Note_off_c;58
4;8519;Note_off_c;54
4;8520;Note_on_c;46
4;8522;Note_on_c;61
4;8579;Note_off_c;46
4;8580;Note_on_c;58
4;8604;Note_off_c;61
4;8617;Note_off_c;75
4;8639;Note_off_c;58
4;8640;Note_on_c;39
4;8641;Note_on_c;63
4;8643;Note_on_c;70
4;8697;Note_off_c;63
4;8699;Note_off_c;39
4;8700;Note_on_c;51
4;8705;Note_on_c;58
4;8705;Note_off_c;70
4;8705;Note_on_c;73
4;8752;Note_off_c;73
4;8759;Note_off_c;51
4;8760;Note_on_c;39
4;8761;Note_off_c;58
4;8817;Note_on_c;75
4;8819;Note_off_c;39
4;8820;Note_on_c;51
4;8864;Note_off_c;75
4;8879;Note_off_c;51
4;8880;Note_on_c;39
4;8933;Note_on_c;78
4;8939;Note_off_c;39
4;8940;Note_on_c;51
4;8976;Note_off_c;78
4;8992;Note_on_c;58
4;8999;Note_off_c;51
4;9000;Note_on_c;39
4;9041;Note_off_c;58
4;9050;Note_on_c;56
4;9051;Note_on_c;78
4;9059;Note_off_c;39
4;9060;Note_on_c;51
4;9066;Note_on_c;80
4;9075;Note_off_c;78
4;9100;Note_off_c;56
4;9108;Note_on_c;54
4;9119;Note_off_c;51
4;9120;Note_on_c;39
4;9154;Note_off_c;54
4;9173;Note_on_c;56
4;9178;Note_on_c;78
4;9179;Note_off_c;39
4;9180;Note_on_c;51
4;9191;Note_off_c;80
4;9224;Note_off_c;56
4;9230;Note_on_c;58
4;9239;Note_on_c;75
4;9239;Note_off_c;51
4;9240;Note_on_c;39
4;9243;Note_off_c;78
4;9277;Note_off_c;58
4;9284;Note_off_c;75
4;9295;Note_on_c;61
4;9299;Note_off_c;39
4;9300;Note_on_c;51
4;9304;Note_on_c;73
4;9309;Note_on_c;75
4;9324;Note_off_c;73
4;9359;Note_off_c;51
4;9360;Note_on_c;39
4;9408;Note_off_c;61
4;9419;Note_off_c;39
4;9420;Note_on_c;51
4;9421;Note_on_c;58
4;9468;Note_off_c;58
4;9475;Note_on_c;61
4;9479;Note_off_c;51
4;9480;Note_on_c;42
4;9539;Note_off_c;42
4;9540;Note_on_c;54
4;9569;Note_off_c;61
4;9591;Note_off_c;75
4;9595;Note_on_c;63
4;9599;Note_off_c;54
4;9600;Note_on_c;47
4;9602;Note_on_c;71
4;9654;Note_off_c;63
4;9659;Note_on_c;59
4;9659;Note_off_c;47
4;9665;Note_off_c;71
4;9668;Note_on_c;75
4;9712;Note_off_c;59
4;9716;Note_off_c;75
4;9720;Note_on_c;47
4;9779;Note_off_c;47
4;9780;Note_on_c;59
4;9787;Note_on_c;78
4;9827;Note_off_c;78
4;9839;Note_off_c;59
4;9840;Note_on_c;47
4;9899;Note_off_c;47
4;9900;Note_on_c;59
4;9910;Note_on_c;75
4;9941;Note_off_c;75
4;9947;Note_on_c;59
4;9959;Note_off_c;59
4;9960;Note_on_c;47
4;10003;Note_off_c;59
4;10013;Note_on_c;58
4;10018;Note_on_c;78
4;10019;Note_off_c;47
4;10020;Note_on_c;59
4;10026;Note_on_c;80
4;10037;Note_off_c;78
4;10062;Note_off_c;58
4;10069;Note_on_c;56
4;10079;Note_off_c;59
4;10080;Note_on_c;47
4;10122;Note_off_c;56
4;10132;Note_on_c;58
4;10139;Note_on_c;78
4;10139;Note_off_c;47
4;10140;Note_on_c;59
4;10147;Note_off_c;80
4;10182;Note_off_c;58
4;10194;Note_on_c;59
4;10196;Note_off_c;78
4;10199;Note_off_c;59
4;10200;Note_on_c;75
4;10200;Note_on_c;47
4;10242;Note_off_c;59
4;10244;Note_off_c;75
4;10259;Note_on_c;63
4;10259;Note_off_c;47
4;10260;Note_on_c;59
4;10267;Note_on_c;73
4;10278;Note_on_c;75
4;10288;Note_off_c;73
4;10319;Note_off_c;59
4;10320;Note_on_c;47
4;10354;Note_off_c;63
4;10379;Note_off_c;47
4;10380;Note_on_c;66
4;10380;Note_on_c;59
4;10428;Note_off_c;66
4;10439;Note_off_c;59
4;10440;Note_on_c;63
4;10440;Note_on_c;47
4;10499;Note_off_c;47
4;10500;Note_on_c;59
4;10518;Note_off_c;63
4;10536;Note_off_c;75
4;10555;Note_on_c;65
4;10555;Note_on_c;77
4;10559;Note_off_c;59
4;10560;Note_on_c;41
4;10724;Note_off_c;65
4;10731;Note_off_c;77
4;10739;Note_off_c;41
4;10740;Note_on_c;39
4;10740;Note_on_c;51
4;10741;Note_on_c;63
4;10743;Note_on_c;80
4;10891;Note_off_c;63
4;10904;Note_on_c;61
4;10906;Note_off_c;80
4;10913;Note_on_c;83
4;10919;Note_off_c;51
4;10919;Note_off_c;39
4;10920;Note_on_c;37
4;10920;Note_on_c;49
4;11072;Note_off_c;83
4;11092;Note_on_c;85
4;11094;Note_off_c;61
4;11096;Note_on_c;59
4;11099;Note_off_c;49
4;11099;Note_off_c;37
4;11100;Note_on_c;47
4;11100;Note_on_c;59
4;11219;Note_off_c;59
4;11242;Note_off_c;85
4;11253;Note_off_c;59
4;11259;Note_on_c;83
4;11260;Note_on_c;58
4;11279;Note_off_c;47
4;11280;Note_on_c;46
4;11280;Note_on_c;58
4;11357;Note_off_c;83
4;11382;Note_off_c;58
4;11387;Note_on_c;56
4;11391;Note_on_c;82
4;11399;Note_off_c;58
4;11399;Note_off_c;46
4;11400;Note_on_c;44
4;11400;Note_on_c;56
4;11452;Note_off_c;82
4;11515;Note_off_c;56
4;11519;Note_off_c;56
4;11519;Note_off_c;44
4;11521;Note_on_c;85
4;11522;Note_on_c;37
4;11582;Note_on_c;49
4;11585;Note_off_c;37
4;11635;Note_off_c;49
4;11643;Note_on_c;37
4;11696;Note_off_c;37
4;11696;Note_on_c;49
4;11748;Note_off_c;49
4;11759;Note_on_c;37
4;11818;Note_off_c;37
4;11821;Note_on_c;49
4;11875;Note_off_c;49
4;11886;Note_on_c;37
4;11938;Note_off_c;37
4;11943;Note_on_c;49
4;12000;Note_off_c;49
4;12000;Note_on_c;37
4;12049;Note_on_c;58
4;12059;Note_off_c;37
4;12060;Note_on_c;49
4;12099;Note_off_c;58
4;12110;Note_on_c;61
4;12119;Note_off_c;49
4;12120;Note_on_c;37
4;12171;Note_on_c;58
4;12176;Note_off_c;61
4;12179;Note_off_c;37
4;12180;Note_on_c;49
4;12219;Note_off_c;58
4;12231;Note_on_c;61
4;12239;Note_off_c;49
4;12240;Note_on_c;37
4;12291;Note_on_c;58
4;12297;Note_off_c;61
4;12299;Note_off_c;37
4;12300;Note_on_c;49
4;12339;Note_off_c;58
4;12347;Note_on_c;61
4;12359;Note_off_c;49
4;12360;Note_on_c;37
4;12419;Note_off_c;37
4;12420;Note_on_c;49
4;12441;Note_off_c;61
4;12475;Note_off_c;85
4;12477;Note_on_c;63
4;12479;Note_on_c;66
4;12479;Note_off_c;49
4;12480;Note_on_c;42
4;12539;Note_off_c;42
4;12540;Note_on_c;54
4;12599;Note_off_c;54
4;12600;Note_on_c;42
4;12659;Note_off_c;42
4;12660;Note_on_c;54
4;12684;Note_off_c;66
4;12684;Note_off_c;63
4;12701;Note_on_c;61
4;12704;Note_on_c;66
4;12719;Note_off_c;54
4;12720;Note_on_c;42
4;12779;Note_off_c;42
4;12780;Note_on_c;54
4;12786;Note_off_c;61
4;12793;Note_off_c;66
4;12822;Note_on_c;63
4;12822;Note_on_c;66
4;12825;Note_on_c;61
4;12839;Note_off_c;54
4;12840;Note_on_c;42
4;12870;Note_off_c;63
4;12873;Note_off_c;66
4;12876;Note_off_c;61
4;12892;Note_on_c;66
4;12893;Note_on_c;63
4;12894;Note_on_c;61
4;12899;Note_off_c;42
4;12900;Note_on_c;54
4;12937;Note_off_c;63
4;12959;Note_off_c;54
4;12960;Note_on_c;42
4;12962;Note_off_c;61
4;12985;Note_off_c;66
4;13019;Note_off_c;42
4;13020;Note_on_c;82
4;13020;Note_on_c;54
4;13022;Note_on_c;61
4;13049;Note_off_c;82
4;13069;Note_off_c;61
4;13079;Note_off_c;54
4;13080;Note_on_c;82
4;13080;Note_on_c;42
4;13082;Note_on_c;63
4;13139;Note_off_c;82
4;13139;Note_off_c;42
4;13140;Note_on_c;80
4;13140;Note_on_c;54
4;13141;Note_off_c;63
4;13164;Note_on_c;63
4;13169;Note_off_c;80
4;13199;Note_off_c;54
4;13200;Note_on_c;80
4;13200;Note_on_c;42
4;13213;Note_off_c;63
4;13213;Note_on_c;61
4;13229;Note_off_c;80
4;13259;Note_on_c;63
4;13259;Note_off_c;42
4;13260;Note_on_c;78
4;13260;Note_on_c;54
4;13276;Note_off_c;61
4;13289;Note_off_c;78
4;13319;Note_off_c;54
4;13320;Note_on_c;78
4;13320;Note_on_c;46
4;13321;Note_off_c;63
4;13321;Note_on_c;61
4;13379;Note_off_c;78
4;13379;Note_off_c;46
4;13380;Note_on_c;75
4;13380;Note_on_c;58
4;13385;Note_off_c;61
4;13409;Note_off_c;75
4;13439;Note_off_c;58
4;13440;Note_on_c;63
4;13440;Note_on_c;66
4;13440;Note_on_c;75
4;13440;Note_on_c;39
4;13469;Note_off_c;75
4;13470;Note_on_c;78
4;13499;Note_off_c;39
4;13500;Note_on_c;51
4;13559;Note_off_c;51
4;13560;Note_on_c;39
4;13619;Note_off_c;78
4;13619;Note_off_c;39
4;13620;Note_on_c;75
4;13620;Note_on_c;51
4;13645;Note_off_c;63
4;13649;Note_off_c;66
4;13667;Note_on_c;61
4;13669;Note_on_c;66
4;13679;Note_off_c;51
4;13680;Note_on_c;39
4;13734;Note_off_c;61
4;13739;Note_off_c;39
4;13740;Note_on_c;51
4;13742;Note_off_c;66
4;13775;Note_on_c;63
4;13776;Note_on_c;66
4;13799;Note_off_c;51
4;13800;Note_on_c;39
4;13834;Note_off_c;63
4;13837;Note_off_c;66
4;13843;Note_on_c;61
4;13859;Note_off_c;39
4;13860;Note_on_c;51
4;13919;Note_off_c;51
4;13920;Note_on_c;39
4;13928;Note_off_c;61
4;13949;Note_off_c;75
4;13979;Note_off_c;39
4;13980;Note_on_c;82
4;13980;Note_on_c;51
4;14009;Note_off_c;82
4;14039;Note_off_c;51
4;14040;Note_on_c;82
4;14040;Note_on_c;39
4;14099;Note_off_c;82
4;14099;Note_off_c;39
4;14100;Note_on_c;80
4;14100;Note_on_c;51
4;14129;Note_off_c;80
4;14159;Note_off_c;51
4;14160;Note_on_c;80
4;14160;Note_on_c;39
4;14219;Note_off_c;80
4;14219;Note_off_c;39
4;14220;Note_on_c;78
4;14220;Note_on_c;51
4;14249;Note_off_c;78
4;14269;Note_on_c;66
4;14279;Note_off_c;51
4;14280;Note_on_c;78
4;14280;Note_on_c;42
4;14329;Note_off_c;66
4;14336;Note_on_c;63
4;14339;Note_off_c;78
4;14339;Note_off_c;42
4;14340;Note_on_c;75
4;14340;Note_on_c;54
4;14387;Note_off_c;63
4;14399;Note_off_c;75
4;14399;Note_off_c;54
4;14400;Note_on_c;80
4;14400;Note_on_c;44
4;14403;Note_on_c;66
4;14443;Note_off_c;66
4;14459;Note_off_c;44
4;14460;Note_on_c;56
4;14462;Note_on_c;63
4;14501;Note_off_c;63
4;14519;Note_on_c;66
4;14519;Note_off_c;56
4;14520;Note_on_c;44
4;14568;Note_off_c;66
4;14578;Note_on_c;63
4;14579;Note_off_c;44
4;14580;Note_on_c;56
4;14639;Note_off_c;80
4;14639;Note_off_c;56
4;14640;Note_on_c;79
4;14640;Note_on_c;44
4;14699;Note_off_c;44
4;14700;Note_on_c;56
4;14731;Note_off_c;63
4;14749;Note_on_c;66
4;14759;Note_off_c;56
4;14760;Note_on_c;44
4;14807;Note_on_c;63
4;14808;Note_off_c;66
4;14819;Note_off_c;44
4;14820;Note_on_c;56
4;14859;Note_off_c;63
4;14876;Note_on_c;66
4;14879;Note_off_c;79
4;14879;Note_off_c;56
4;14880;Note_on_c;78
4;14880;Note_on_c;44
4;14937;Note_off_c;66
4;14937;Note_on_c;63
4;14939;Note_off_c;44
4;14940;Note_on_c;56
4;14982;Note_off_c;63
4;14994;Note_on_c;66
4;14999;Note_off_c;56
4;15000;Note_on_c;44
4;15056;Note_off_c;66
4;15059;Note_off_c;44
4;15060;Note_on_c;56
4;15061;Note_on_c;63
4;15119;Note_off_c;78
4;15119;Note_off_c;56
4;15120;Note_on_c;77
4;15120;Note_on_c;44
4;15179;Note_off_c;44
4;15180;Note_on_c;56
4;15231;Note_on_c;66
4;15238;Note_off_c;63
4;15239;Note_off_c;56
4;15240;Note_on_c;44
4;15294;Note_on_c;63
4;15299;Note_off_c;44
4;15300;Note_on_c;56
4;15304;Note_off_c;66
4;15339;Note_off_c;63
4;15351;Note_on_c;66
4;15359;Note_off_c;77
4;15359;Note_off_c;56
4;15360;Note_on_c;78
4;15360;Note_on_c;37
4;15417;Note_on_c;63
4;15419;Note_off_c;37
4;15420;Note_on_c;49
4;15425;Note_off_c;66
4;15463;Note_off_c;63
4;15465;Note_on_c;61
4;15479;Note_off_c;49
4;15480;Note_on_c;37
4;15529;Note_off_c;61
4;15535;Note_on_c;66
4;15539;Note_off_c;37
4;15540;Note_on_c;49
4;15599;Note_off_c;49
4;15600;Note_on_c;37
4;15629;Note_off_c;66
4;15653;Note_on_c;66
4;15659;Note_off_c;37
4;15660;Note_on_c;49
4;15719;Note_off_c;49
4;15720;Note_on_c;37
4;15758;Note_off_c;66
4;15778;Note_on_c;63
4;15779;Note_off_c;37
4;15780;Note_on_c;49
4;15839;Note_off_c;78
4;15839;Note_off_c;49
4;15840;Note_on_c;77
4;15840;Note_on_c;37
4;15855;Note_on_c;61
4;15866;Note_off_c;63
4;15888;Note_on_c;58
4;15898;Note_off_c;61
4;15899;Note_off_c;37
4;15900;Note_on_c;49
4;15934;Note_on_c;61
4;15937;Note_off_c;58
4;15959;Note_off_c;49
4;15960;Note_on_c;37
4;16019;Note_off_c;37
4;16020;Note_on_c;49
4;16076;Note_on_c;63
4;16077;Note_off_c;61
4;16079;Note_off_c;49
4;16080;Note_on_c;37
4;16109;Note_off_c;77
4;16133;Note_on_c;61
4;16135;Note_off_c;63
4;16139;Note_off_c;37
4;16140;Note_on_c;77
4;16140;Note_on_c;80
4;16140;Note_on_c;49
4;16169;Note_off_c;80
4;16169;Note_off_c;77
4;16170;Note_on_c;83
4;16180;Note_off_c;61
4;16185;Note_on_c;63
4;16199;Note_off_c;49
4;16200;Note_on_c;37
4;16229;Note_off_c;83
4;16259;Note_off_c;37
4;16260;Note_on_c;77
4;16260;Note_on_c;49
4;16278;Note_off_c;63
4;16289;Note_off_c;77
4;16312;Note_on_c;58
4;16317;Note_on_c;63
4;16319;Note_off_c;49
4;16320;Note_on_c;78
4;16320;Note_on_c;42
4;16379;Note_off_c;42
4;16380;Note_on_c;54
4;16439;Note_off_c;54
4;16440;Note_on_c;42
4;16499;Note_off_c;42
4;16500;Note_on_c;54
4;16525;Note_off_c;63
4;16525;Note_off_c;58
4;16540;Note_on_c;61
4;16545;Note_on_c;58
4;16559;Note_off_c;54
4;16560;Note_on_c;42
4;16619;Note_off_c;42
4;16620;Note_on_c;54
4;16623;Note_off_c;61
4;16630;Note_off_c;58
4;16656;Note_on_c;63
4;16660;Note_on_c;58
4;16679;Note_off_c;54
4;16680;Note_on_c;42
4;16708;Note_off_c;58
4;16711;Note_off_c;63
4;16723;Note_on_c;61
4;16727;Note_on_c;58
4;16739;Note_off_c;42
4;16740;Note_on_c;54
4;16799;Note_off_c;54
4;16800;Note_off_c;61
4;16800;Note_on_c;42
4;16809;Note_off_c;58
4;16843;Note_on_c;58
4;16859;Note_off_c;78
4;16859;Note_off_c;42
4;16860;Note_on_c;82
4;16860;Note_on_c;54
4;16889;Note_off_c;82
4;16895;Note_off_c;58
4;16903;Note_on_c;61
4;16919;Note_off_c;54
4;16920;Note_on_c;82
4;16920;Note_on_c;42
4;16958;Note_on_c;58
4;16970;Note_off_c;61
4;16979;Note_off_c;82
4;16979;Note_off_c;42
4;16980;Note_on_c;80
4;16980;Note_on_c;54
4;17009;Note_off_c;80
4;17015;Note_off_c;58
4;17022;Note_on_c;61
4;17039;Note_off_c;54
4;17040;Note_on_c;80
4;17040;Note_on_c;42
4;17081;Note_on_c;58
4;17092;Note_off_c;61
4;17099;Note_off_c;80
4;17099;Note_off_c;42
4;17100;Note_on_c;78
4;17100;Note_on_c;54
4;17129;Note_off_c;78
4;17134;Note_off_c;58
4;17142;Note_on_c;61
4;17159;Note_off_c;54
4;17160;Note_on_c;78
4;17160;Note_on_c;46
4;17219;Note_off_c;78
4;17219;Note_off_c;46
4;17220;Note_on_c;75
4;17220;Note_on_c;58
4;17240;Note_off_c;61
4;17249;Note_off_c;75
4;17274;Note_on_c;58
4;17277;Note_on_c;63
4;17279;Note_off_c;58
4;17280;Note_on_c;75
4;17280;Note_on_c;39
4;17309;Note_off_c;75
4;17310;Note_on_c;78
4;17339;Note_off_c;39
4;17340;Note_on_c;51
4;17399;Note_off_c;51
4;17400;Note_on_c;39
4;17459;Note_off_c;39
4;17460;Note_on_c;51
4;17482;Note_off_c;58
4;17488;Note_off_c;63
4;17503;Note_on_c;61
4;17505;Note_on_c;58
4;17519;Note_off_c;51
4;17520;Note_on_c;39
4;17575;Note_off_c;58
4;17575;Note_off_c;61
4;17579;Note_off_c;39
4;17580;Note_on_c;51
4;17605;Note_on_c;63
4;17613;Note_on_c;58
4;17639;Note_off_c;51
4;17640;Note_on_c;39
4;17665;Note_off_c;63
4;17669;Note_off_c;58
4;17676;Note_on_c;61
4;17687;Note_on_c;58
4;17699;Note_off_c;39
4;17700;Note_on_c;51
4;17759;Note_off_c;51
4;17760;Note_on_c;39
4;17819;Note_off_c;78
4;17819;Note_off_c;39
4;17820;Note_on_c;82
4;17820;Note_on_c;51
4;17849;Note_off_c;82
4;17879;Note_off_c;51
4;17880;Note_on_c;82
4;17880;Note_on_c;39
4;17939;Note_off_c;82
4;17939;Note_off_c;39
4;17940;Note_on_c;80
4;17940;Note_on_c;51
4;17969;Note_off_c;80
4;17999;Note_off_c;51
4;18000;Note_on_c;80
4;18000;Note_on_c;39
4;18059;Note_off_c;39
4;18060;Note_on_c;78
4;18060;Note_on_c;51
4;18082;Note_off_c;61
4;18088;Note_off_c;58
4;18089;Note_off_c;78
4;18089;Note_off_c;80
4;18111;Note_on_c;66
4;18119;Note_off_c;51
4;18120;Note_on_c;78
4;18120;Note_on_c;42
4;18171;Note_off_c;66
4;18172;Note_on_c;63
4;18179;Note_off_c;78
4;18179;Note_off_c;42
4;18180;Note_on_c;75
4;18180;Note_on_c;54
4;18209;Note_off_c;75
4;18226;Note_off_c;63
4;18239;Note_off_c;54
4;18240;Note_on_c;66
4;18240;Note_on_c;80
4;18240;Note_on_c;44
4;18299;Note_on_c;63
4;18299;Note_off_c;44
4;18300;Note_on_c;56
4;18307;Note_off_c;66
4;18349;Note_off_c;63
4;18358;Note_on_c;66
4;18359;Note_off_c;56
4;18360;Note_on_c;44
4;18416;Note_off_c;66
4;18419;Note_on_c;63
4;18419;Note_off_c;44
4;18420;Note_on_c;56
4;18479;Note_off_c;80
4;18479;Note_off_c;56
4;18480;Note_on_c;79
4;18480;Note_on_c;44
4;18539;Note_off_c;44
4;18540;Note_on_c;56
4;18594;Note_off_c;63
4;18599;Note_off_c;56
4;18600;Note_on_c;44
4;18605;Note_on_c;66
4;18609;Note_on_c;63
4;18614;Note_off_c;63
4;18659;Note_off_c;44
4;18660;Note_on_c;56
4;18662;Note_off_c;66
4;18664;Note_on_c;63
4;18710;Note_off_c;63
4;18718;Note_on_c;66
4;18719;Note_off_c;79
4;18719;Note_off_c;56
4;18720;Note_on_c;78
4;18720;Note_on_c;44
4;18779;Note_off_c;44
4;18780;Note_on_c;63
4;18780;Note_on_c;56
4;18787;Note_off_c;66
4;18825;Note_off_c;63
4;18833;Note_on_c;66
4;18839;Note_off_c;56
4;18840;Note_on_c;44
4;18896;Note_off_c;66
4;18898;Note_on_c;63
4;18899;Note_off_c;44
4;18900;Note_on_c;56
4;18959;Note_off_c;78
4;18959;Note_off_c;56
4;18960;Note_on_c;77
4;18960;Note_on_c;44
4;19019;Note_off_c;44
4;19020;Note_on_c;56
4;19051;Note_off_c;63
4;19067;Note_on_c;66
4;19079;Note_off_c;56
4;19080;Note_on_c;44
4;19119;Note_off_c;66
4;19120;Note_on_c;63
4;19139;Note_off_c;44
4;19140;Note_on_c;56
4;19180;Note_off_c;63
4;19190;Note_on_c;66
4;19199;Note_off_c;77
4;19199;Note_off_c;56
4;19200;Note_on_c;78
4;19200;Note_on_c;37
4;19255;Note_on_c;63
4;19259;Note_off_c;37
4;19260;Note_on_c;49
4;19265;Note_off_c;66
4;19314;Note_on_c;61
4;19315;Note_off_c;63
4;19319;Note_off_c;49
4;19320;Note_on_c;37
4;19379;Note_off_c;37
4;19380;Note_off_c;61
4;19380;Note_on_c;49
4;19384;Note_on_c;66
4;19439;Note_off_c;49
4;19440;Note_on_c;37
4;19474;Note_off_c;66
4;19495;Note_on_c;66
4;19499;Note_off_c;37
4;19500;Note_on_c;49
4;19559;Note_off_c;49
4;19560;Note_on_c;37
4;19611;Note_off_c;66
4;19619;Note_off_c;37
4;19620;Note_on_c;49
4;19622;Note_on_c;61
4;19633;Note_on_c;63
4;19652;Note_off_c;61
4;19677;Note_on_c;61
4;19679;Note_off_c;78
4;19679;Note_off_c;49
4;19680;Note_on_c;77
4;19680;Note_on_c;37
4;19685;Note_off_c;63
4;19724;Note_on_c;58
4;19734;Note_off_c;61
4;19739;Note_off_c;37
4;19740;Note_on_c;49
4;19774;Note_on_c;61
4;19784;Note_off_c;58
4;19799;Note_off_c;49
4;19800;Note_on_c;37
4;19859;Note_off_c;37
4;19860;Note_on_c;49
4;19919;Note_off_c;49
4;19920;Note_on_c;37
4;19949;Note_off_c;77
4;19979;Note_off_c;37
4;19980;Note_on_c;85
4;19980;Note_on_c;49
4;20009;Note_off_c;85
4;20039;Note_off_c;49
4;20040;Note_on_c;37
4;20099;Note_off_c;37
4;20100;Note_on_c;77
4;20100;Note_on_c;49
4;20129;Note_off_c;77
4;20153;Note_off_c;61
4;20159;Note_off_c;49
4;20160;Note_on_c;61
4;20160;Note_on_c;42
4;20211;Note_off_c;61
4;20219;Note_off_c;42
4;20220;Note_on_c;58
4;20220;Note_on_c;54
4;20279;Note_off_c;54
4;20280;Note_on_c;42
4;20283;Note_off_c;58
4;20339;Note_off_c;42
4;20340;Note_on_c;54
4;20399;Note_off_c;54
4;20400;Note_on_c;42
4;20459;Note_off_c;42
4;20460;Note_on_c;54
4;20511;Note_on_c;58
4;20519;Note_off_c;54
4;20520;Note_on_c;42
4;20567;Note_off_c;58
4;20571;Note_on_c;56
4;20579;Note_off_c;42
4;20580;Note_on_c;54
4;20626;Note_off_c;56
4;20634;Note_on_c;54
4;20639;Note_off_c;54
4;20640;Note_on_c;42
4;20685;Note_off_c;54
4;20697;Note_on_c;56
4;20699;Note_off_c;42
4;20700;Note_on_c;54
4;20749;Note_off_c;56
4;20753;Note_on_c;58
4;20759;Note_off_c;54
4;20760;Note_on_c;42
4;20800;Note_off_c;58
4;20810;Note_on_c;61
4;20819;Note_off_c;42
4;20820;Note_on_c;54
4;20879;Note_off_c;54
4;20880;Note_on_c;42
4;20897;Note_off_c;61
4;20934;Note_on_c;58
4;20939;Note_off_c;42
4;20940;Note_on_c;54
4;20979;Note_off_c;58
4;20999;Note_on_c;61
4;20999;Note_off_c;54
4;21000;Note_on_c;46
4;21059;Note_off_c;46
4;21060;Note_on_c;58
4;21074;Note_off_c;61
4;21116;Note_on_c;63
4;21119;Note_off_c;58
4;21120;Note_on_c;39
4;21177;Note_on_c;58
4;21179;Note_off_c;39
4;21180;Note_on_c;51
4;21181;Note_off_c;63
4;21239;Note_off_c;51
4;21240;Note_on_c;39
4;21251;Note_off_c;58
4;21299;Note_off_c;39
4;21300;Note_on_c;51
4;21359;Note_off_c;51
4;21360;Note_on_c;39
4;21419;Note_off_c;39
4;21420;Note_on_c;51
4;21471;Note_on_c;58
4;21479;Note_off_c;51
4;21480;Note_on_c;39
4;21520;Note_off_c;58
4;21528;Note_on_c;56
4;21539;Note_off_c;39
4;21540;Note_on_c;51
4;21581;Note_off_c;56
4;21589;Note_on_c;54
4;21599;Note_off_c;51
4;21600;Note_on_c;39
4;21633;Note_off_c;54
4;21651;Note_on_c;56
4;21659;Note_off_c;39
4;21660;Note_on_c;51
4;21703;Note_off_c;56
4;21712;Note_on_c;58
4;21719;Note_off_c;51
4;21720;Note_on_c;39
4;21758;Note_off_c;58
4;21770;Note_on_c;61
4;21779;Note_off_c;39
4;21780;Note_on_c;51
4;21839;Note_off_c;51
4;21840;Note_on_c;39
4;21859;Note_off_c;61
4;21895;Note_on_c;58
4;21899;Note_off_c;39
4;21900;Note_on_c;51
4;21942;Note_off_c;58
4;21956;Note_on_c;61
4;21959;Note_off_c;51
4;21960;Note_on_c;42
4;22019;Note_off_c;42
4;22020;Note_on_c;54
4;22036;Note_off_c;61
4;22071;Note_on_c;63
4;22079;Note_off_c;54
4;22080;Note_on_c;47
4;22131;Note_off_c;63
4;22135;Note_on_c;59
4;22139;Note_off_c;47
4;22200;Note_on_c;47
4;22218;Note_off_c;59
4;22259;Note_off_c;47
4;22260;Note_on_c;59
4;22319;Note_off_c;59
4;22320;Note_on_c;47
4;22379;Note_off_c;47
4;22380;Note_on_c;59
4;22430;Note_on_c;59
4;22439;Note_off_c;59
4;22440;Note_on_c;47
4;22485;Note_off_c;59
4;22492;Note_on_c;58
4;22499;Note_off_c;47
4;22500;Note_on_c;59
4;22545;Note_off_c;58
4;22549;Note_on_c;56
4;22559;Note_off_c;59
4;22560;Note_on_c;47
4;22597;Note_off_c;56
4;22609;Note_on_c;58
4;22619;Note_off_c;47
4;22620;Note_on_c;59
4;22663;Note_off_c;58
4;22671;Note_on_c;59
4;22679;Note_off_c;59
4;22680;Note_on_c;47
4;22726;Note_off_c;59
4;22739;Note_on_c;63
4;22739;Note_off_c;47
4;22740;Note_on_c;59
4;22799;Note_off_c;59
4;22800;Note_on_c;47
4;22815;Note_off_c;63
4;22855;Note_on_c;66
4;22859;Note_off_c;47
4;22860;Note_on_c;59
4;22907;Note_off_c;66
4;22919;Note_off_c;59
4;22920;Note_on_c;63
4;22920;Note_on_c;47
4;22979;Note_off_c;47
4;22980;Note_on_c;59
4;22999;Note_off_c;63
4;23039;Note_on_c;65
4;23039;Note_off_c;59
4;23040;Note_on_c;41
4;23144;Note_off_c;65
4;23217;Note_on_c;63
4;23219;Note_off_c;41
4;23220;Note_on_c;39
4;23220;Note_on_c;51
4;23327;Note_off_c;63
4;23391;Note_on_c;61
4;23399;Note_off_c;51
4;23399;Note_off_c;39
4;23400;Note_on_c;37
4;23400;Note_on_c;49
4;23522;Note_off_c;61
4;23573;Note_on_c;59
4;23579;Note_off_c;49
4;23579;Note_off_c;37
4;23580;Note_on_c;47
4;23580;Note_on_c;59
4;23694;Note_off_c;59
4;23699;Note_off_c;59
4;23746;Note_on_c;58
4;23759;Note_off_c;47
4;23760;Note_on_c;46
4;23760;Note_on_c;58
4;23838;Note_off_c;58
4;23876;Note_on_c;56
4;23879;Note_off_c;58
4;23879;Note_off_c;46
4;23880;Note_on_c;44
4;23880;Note_on_c;56
4;23954;Note_off_c;56
4;23997;Note_on_c;61
4;23999;Note_off_c;56
4;23999;Note_off_c;44
4;24000;Note_on_c;42
4;24008;Note_on_c;70
4;24051;Note_off_c;61
4;24056;Note_on_c;58
4;24059;Note_off_c;42
4;24060;Note_on_c;54
4;24065;Note_on_c;73
4;24070;Note_off_c;70
4;24102;Note_off_c;73
4;24119;Note_off_c;54
4;24120;Note_on_c;42
4;24131;Note_off_c;58
4;24175;Note_on_c;75
4;24179;Note_off_c;42
4;24180;Note_on_c;54
4;24212;Note_off_c;75
4;24239;Note_off_c;54
4;24240;Note_on_c;42
4;24294;Note_on_c;78
4;24299;Note_off_c;42
4;24300;Note_on_c;54
4;24325;Note_off_c;78
4;24358;Note_on_c;58
4;24359;Note_off_c;54
4;24360;Note_on_c;42
4;24410;Note_off_c;58
4;24416;Note_on_c;56
4;24419;Note_off_c;42
4;24420;Note_on_c;54
4;24421;Note_on_c;78
4;24430;Note_on_c;80
4;24441;Note_off_c;78
4;24467;Note_off_c;56
4;24476;Note_on_c;54
4;24479;Note_off_c;54
4;24480;Note_on_c;42
4;24529;Note_off_c;54
4;24537;Note_on_c;56
4;24539;Note_off_c;42
4;24540;Note_on_c;54
4;24545;Note_on_c;78
4;24553;Note_off_c;80
4;24588;Note_off_c;56
4;24596;Note_on_c;58
4;24599;Note_off_c;54
4;24600;Note_on_c;42
4;24606;Note_on_c;75
4;24609;Note_off_c;78
4;24646;Note_off_c;58
4;24652;Note_off_c;75
4;24659;Note_off_c;42
4;24660;Note_on_c;61
4;24660;Note_on_c;54
4;24670;Note_on_c;73
4;24677;Note_on_c;75
4;24689;Note_off_c;73
4;24719;Note_off_c;54
4;24720;Note_on_c;42
4;24759;Note_off_c;61
4;24779;Note_off_c;42
4;24780;Note_on_c;54
4;24791;Note_on_c;58
4;24835;Note_off_c;58
4;24839;Note_off_c;54
4;24840;Note_on_c;46
4;24842;Note_on_c;61
4;24899;Note_off_c;46
4;24900;Note_on_c;58
4;24924;Note_off_c;61
4;24937;Note_off_c;75
4;24959;Note_off_c;58
4;24960;Note_on_c;39
4;24961;Note_on_c;63
4;24963;Note_on_c;70
4;25017;Note_off_c;63
4;25019;Note_off_c;39
4;25020;Note_on_c;51
4;25025;Note_on_c;58
4;25025;Note_off_c;70
4;25025;Note_on_c;73
4;25072;Note_off_c;73
4;25079;Note_off_c;51
4;25080;Note_on_c;39
4;25081;Note_off_c;58
4;25137;Note_on_c;75
4;25139;Note_off_c;39
4;25140;Note_on_c;51
4;25184;Note_off_c;75
4;25199;Note_off_c;51
4;25200;Note_on_c;39
4;25253;Note_on_c;78
4;25259;Note_off_c;39
4;25260;Note_on_c;51
4;25296;Note_off_c;78
4;25312;Note_on_c;58
4;25319;Note_off_c;51
4;25320;Note_on_c;39
4;25361;Note_off_c;58
4;25370;Note_on_c;56
4;25371;Note_on_c;78
4;25379;Note_off_c;39
4;25380;Note_on_c;51
4;25386;Note_on_c;80
4;25395;Note_off_c;78
4;25420;Note_off_c;56
4;25428;Note_on_c;54
4;25439;Note_off_c;51
4;25440;Note_on_c;39
4;25474;Note_off_c;54
4;25493;Note_on_c;56
4;25498;Note_on_c;78
4;25499;Note_off_c;39
4;25500;Note_on_c;51
4;25511;Note_off_c;80
4;25544;Note_off_c;56
4;25550;Note_on_c;58
4;25559;Note_on_c;75
4;25559;Note_off_c;51
4;25560;Note_on_c;39
4;25563;Note_off_c;78
4;25597;Note_off_c;58
4;25604;Note_off_c;75
4;25615;Note_on_c;61
4;25619;Note_off_c;39
4;25620;Note_on_c;51
4;25624;Note_on_c;73
4;25629;Note_on_c;75
4;25644;Note_off_c;73
4;25679;Note_off_c;51
4;25680;Note_on_c;39
4;25728;Note_off_c;61
4;25739;Note_off_c;39
4;25740;Note_on_c;51
4;25741;Note_on_c;58
4;25788;Note_off_c;58
4;25795;Note_on_c;61
4;25799;Note_off_c;51
4;25800;Note_on_c;42
4;25859;Note_off_c;42
4;25860;Note_on_c;54
4;25889;Note_off_c;61
4;25911;Note_off_c;75
4;25915;Note_on_c;63
4;25919;Note_off_c;54
4;25920;Note_on_c;47
4;25922;Note_on_c;71
4;25974;Note_off_c;63
4;25979;Note_on_c;59
4;25979;Note_off_c;47
4;25985;Note_off_c;71
4;25988;Note_on_c;75
4;26032;Note_off_c;59
4;26036;Note_off_c;75
4;26040;Note_on_c;47
4;26099;Note_off_c;47
4;26100;Note_on_c;59
4;26107;Note_on_c;78
4;26147;Note_off_c;78
4;26159;Note_off_c;59
4;26160;Note_on_c;47
4;26219;Note_off_c;47
4;26220;Note_on_c;59
4;26230;Note_on_c;75
4;26261;Note_off_c;75
4;26267;Note_on_c;59
4;26279;Note_off_c;59
4;26280;Note_on_c;47
4;26323;Note_off_c;59
4;26333;Note_on_c;58
4;26338;Note_on_c;78
4;26339;Note_off_c;47
4;26340;Note_on_c;59
4;26346;Note_on_c;80
4;26357;Note_off_c;78
4;26382;Note_off_c;58
4;26389;Note_on_c;56
4;26399;Note_off_c;59
4;26400;Note_on_c;47
4;26442;Note_off_c;56
4;26452;Note_on_c;58
4;26459;Note_on_c;78
4;26459;Note_off_c;47
4;26460;Note_on_c;59
4;26467;Note_off_c;80
4;26502;Note_off_c;58
4;26514;Note_on_c;59
4;26516;Note_off_c;78
4;26519;Note_off_c;59
4;26520;Note_on_c;75
4;26520;Note_on_c;47
4;26562;Note_off_c;59
4;26564;Note_off_c;75
4;26579;Note_on_c;63
4;26579;Note_off_c;47
4;26580;Note_on_c;59
4;26587;Note_on_c;73
4;26598;Note_on_c;75
4;26608;Note_off_c;73
4;26639;Note_off_c;59
4;26640;Note_on_c;47
4;26674;Note_off_c;63
4;26699;Note_off_c;47
4;26700;Note_on_c;66
4;26700;Note_on_c;59
4;26748;Note_off_c;66
4;26759;Note_off_c;59
4;26760;Note_on_c;63
4;26760;Note_on_c;47
4;26819;Note_off_c;47
4;26820;Note_on_c;59
4;26838;Note_off_c;63
4;26856;Note_off_c;75
4;26875;Note_on_c;65
4;26875;Note_on_c;77
4;26879;Note_off_c;59
4;26880;Note_on_c;41
4;27044;Note_off_c;65
4;27051;Note_off_c;77
4;27059;Note_off_c;41
4;27060;Note_on_c;39
4;27060;Note_on_c;51
4;27061;Note_on_c;63
4;27063;Note_on_c;80
4;27211;Note_off_c;63
4;27224;Note_on_c;61
4;27226;Note_off_c;80
4;27233;Note_on_c;83
4;27239;Note_off_c;51
4;27239;Note_off_c;39
4;27240;Note_on_c;37
4;27240;Note_on_c;49
4;27392;Note_off_c;83
4;27412;Note_on_c;85
4;27414;Note_off_c;61
4;27416;Note_on_c;59
4;27419;Note_off_c;49
4;27419;Note_off_c;37
4;27420;Note_on_c;47
4;27420;Note_on_c;59
4;27539;Note_off_c;59
4;27562;Note_off_c;85
4;27573;Note_off_c;59
4;27579;Note_on_c;83
4;27580;Note_on_c;58
4;27599;Note_off_c;47
4;27600;Note_on_c;46
4;27600;Note_on_c;58
4;27677;Note_off_c;83
4;27702;Note_off_c;58
4;27707;Note_on_c;56
4;27711;Note_on_c;82
4;27719;Note_off_c;58
4;27719;Note_off_c;46
4;27720;Note_on_c;44
4;27720;Note_on_c;56
4;27772;Note_off_c;82
4;27835;Note_off_c;56
4;27839;Note_off_c;56
4;27839;Note_off_c;44
4;27841;Note_on_c;85
4;27842;Note_on_c;37
4;27902;Note_on_c;49
4;27905;Note_off_c;37
4;27955;Note_off_c;49
4;27963;Note_on_c;37
4;28016;Note_off_c;37
4;28016;Note_on_c;49
4;28068;Note_off_c;49
4;28079;Note_on_c;37
4;28138;Note_off_c;37
4;28141;Note_on_c;49
4;28195;Note_off_c;49
4;28206;Note_on_c;37
4;28258;Note_off_c;37
4;28263;Note_on_c;49
4;28320;Note_off_c;49
4;28320;Note_on_c;37
4;28369;Note_on_c;58
4;28379;Note_off_c;37
4;28380;Note_on_c;49
4;28419;Note_off_c;58
4;28430;Note_on_c;61
4;28439;Note_off_c;49
4;28440;Note_on_c;37
4;28491;Note_on_c;58
4;28496;Note_off_c;61
4;28499;Note_off_c;37
4;28500;Note_on_c;49
4;28539;Note_off_c;58
4;28551;Note_on_c;61
4;28559;Note_off_c;49
4;28560;Note_on_c;37
4;28611;Note_on_c;58
4;28617;Note_off_c;61
4;28619;Note_off_c;37
4;28620;Note_on_c;49
4;28659;Note_off_c;58
4;28667;Note_on_c;61
4;28679;Note_off_c;49
4;28680;Note_on_c;37
4;28739;Note_off_c;37
4;28740;Note_on_c;49
4;28761;Note_off_c;61
4;28795;Note_off_c;85
4;28797;Note_on_c;63
4;28799;Note_on_c;66
4;28799;Note_off_c;49
4;28800;Note_on_c;42
4;28859;Note_off_c;42
4;28860;Note_on_c;54
4;28919;Note_off_c;54
4;28920;Note_on_c;42
4;28979;Note_off_c;42
4;28980;Note_on_c;54
4;29004;Note_off_c;66
4;29004;Note_off_c;63
4;29021;Note_on_c;61
4;29024;Note_on_c;66
4;29039;Note_off_c;54
4;29040;Note_on_c;42
4;29099;Note_off_c;42
4;29100;Note_on_c;54
4;29106;Note_off_c;61
4;29113;Note_off_c;66
4;29142;Note_on_c;63
4;29142;Note_on_c;66
4;29145;Note_on_c;61
4;29159;Note_off_c;54
4;29160;Note_on_c;42
4;29190;Note_off_c;63
4;29193;Note_off_c;66
4;29196;Note_off_c;61
4;29212;Note_on_c;66
4;29213;Note_on_c;63
4;29214;Note_on_c;61
4;29219;Note_off_c;42
4;29220;Note_on_c;54
4;29257;Note_off_c;63
4;29279;Note_off_c;54
4;29280;Note_on_c;42
4;29282;Note_off_c;61
4;29305;Note_off_c;66
4;29339;Note_off_c;42
4;29340;Note_on_c;82
4;29340;Note_on_c;54
4;29342;Note_on_c;61
4;29369;Note_off_c;82
4;29389;Note_off_c;61
4;29399;Note_off_c;54
4;29400;Note_on_c;82
4;29400;Note_on_c;42
4;29402;Note_on_c;63
4;29459;Note_off_c;82
4;29459;Note_off_c;42
4;29460;Note_on_c;80
4;29460;Note_on_c;54
4;29461;Note_off_c;63
4;29484;Note_on_c;63
4;29489;Note_off_c;80
4;29519;Note_off_c;54
4;29520;Note_on_c;80
4;29520;Note_on_c;42
4;29533;Note_off_c;63
4;29533;Note_on_c;61
4;29549;Note_off_c;80
4;29579;Note_on_c;63
4;29579;Note_off_c;42
4;29580;Note_on_c;78
4;29580;Note_on_c;54
4;29596;Note_off_c;61
4;29609;Note_off_c;78
4;29639;Note_off_c;54
4;29640;Note_on_c;78
4;29640;Note_on_c;46
4;29641;Note_off_c;63
4;29641;Note_on_c;61
4;29699;Note_off_c;78
4;29699;Note_off_c;46
4;29700;Note_on_c;75
4;29700;Note_on_c;58
4;29705;Note_off_c;61
4;29729;Note_off_c;75
4;29759;Note_off_c;58
4;29760;Note_on_c;63
4;29760;Note_on_c;66
4;29760;Note_on_c;75
4;29760;Note_on_c;39
4;29789;Note_off_c;75
4;29790;Note_on_c;78
4;29819;Note_off_c;39
4;29820;Note_on_c;51
4;29879;Note_off_c;51
4;29880;Note_on_c;39
4;29939;Note_off_c;78
4;29939;Note_off_c;39
4;29940;Note_on_c;75
4;29940;Note_on_c;51
4;29965;Note_off_c;63
4;29969;Note_off_c;66
4;29987;Note_on_c;61
4;29989;Note_on_c;66
4;29999;Note_off_c;51
4;30000;Note_on_c;39
4;30054;Note_off_c;61
4;30059;Note_off_c;39
4;30060;Note_on_c;51
4;30062;Note_off_c;66
4;30095;Note_on_c;63
4;30096;Note_on_c;66
4;30119;Note_off_c;51
4;30120;Note_on_c;39
4;30154;Note_off_c;63
4;30157;Note_off_c;66
4;30163;Note_on_c;61
4;30179;Note_off_c;39
4;30180;Note_on_c;51
4;30239;Note_off_c;51
4;30240;Note_on_c;39
4;30248;Note_off_c;61
4;30269;Note_off_c;75
4;30299;Note_off_c;39
4;30300;Note_on_c;82
4;30300;Note_on_c;51
4;30329;Note_off_c;82
4;30359;Note_off_c;51
4;30360;Note_on_c;82
4;30360;Note_on_c;39
4;30419;Note_off_c;82
4;30419;Note_off_c;39
4;30420;Note_on_c;80
4;30420;Note_on_c;51
4;30449;Note_off_c;80
4;30479;Note_off_c;51
4;30480;Note_on_c;80
4;30480;Note_on_c;39
4;30539;Note_off_c;80
4;30539;Note_off_c;39
4;30540;Note_on_c;78
4;30540;Note_on_c;51
4;30569;Note_off_c;78
4;30589;Note_on_c;66
4;30599;Note_off_c;51
4;30600;Note_on_c;78
4;30600;Note_on_c;42
4;30649;Note_off_c;66
4;30656;Note_on_c;63
4;30659;Note_off_c;78
4;30659;Note_off_c;42
4;30660;Note_on_c;75
4;30660;Note_on_c;54
4;30707;Note_off_c;63
4;30719;Note_off_c;75
4;30719;Note_off_c;54
4;30720;Note_on_c;80
4;30720;Note_on_c;44
4;30723;Note_on_c;66
4;30763;Note_off_c;66
4;30779;Note_off_c;44
4;30780;Note_on_c;56
4;30782;Note_on_c;63
4;30821;Note_off_c;63
4;30839;Note_on_c;66
4;30839;Note_off_c;56
4;30840;Note_on_c;44
4;30888;Note_off_c;66
4;30898;Note_on_c;63
4;30899;Note_off_c;44
4;30900;Note_on_c;56
4;30959;Note_off_c;80
4;30959;Note_off_c;56
4;30960;Note_on_c;79
4;30960;Note_on_c;44
4;31019;Note_off_c;44
4;31020;Note_on_c;56
4;31051;Note_off_c;63
4;31069;Note_on_c;66
4;31079;Note_off_c;56
4;31080;Note_on_c;44
4;31127;Note_on_c;63
4;31128;Note_off_c;66
4;31139;Note_off_c;44
4;31140;Note_on_c;56
4;31179;Note_off_c;63
4;31196;Note_on_c;66
4;31199;Note_off_c;79
4;31199;Note_off_c;56
4;31200;Note_on_c;78
4;31200;Note_on_c;44
4;31257;Note_off_c;66
4;31257;Note_on_c;63
4;31259;Note_off_c;44
4;31260;Note_on_c;56
4;31302;Note_off_c;63
4;31314;Note_on_c;66
4;31319;Note_off_c;56
4;31320;Note_on_c;44
4;31376;Note_off_c;66
4;31379;Note_off_c;44
4;31380;Note_on_c;56
4;31381;Note_on_c;63
4;31439;Note_off_c;78
4;31439;Note_off_c;56
4;31440;Note_on_c;77
4;31440;Note_on_c;44
4;31499;Note_off_c;44
4;31500;Note_on_c;56
4;31551;Note_on_c;66
4;31558;Note_off_c;63
4;31559;Note_off_c;56
4;31560;Note_on_c;44
4;31614;Note_on_c;63
4;31619;Note_off_c;44
4;31620;Note_on_c;56
4;31624;Note_off_c;66
4;31659;Note_off_c;63
4;31671;Note_on_c;66
4;31679;Note_off_c;77
4;31679;Note_off_c;56
4;31680;Note_on_c;78
4;31680;Note_on_c;37
4;31737;Note_on_c;63
4;31739;Note_off_c;37
4;31740;Note_on_c;49
4;31745;Note_off_c;66
4;31783;Note_off_c;63
4;31785;Note_on_c;61
4;31799;Note_off_c;49
4;31800;Note_on_c;37
4;31849;Note_off_c;61
4;31855;Note_on_c;66
4;31859;Note_off_c;37
4;31860;Note_on_c;49
4;31919;Note_off_c;49
4;31920;Note_on_c;37
4;31949;Note_off_c;66
4;31973;Note_on_c;66
4;31979;Note_off_c;37
4;31980;Note_on_c;49
4;32039;Note_off_c;49
4;32040;Note_on_c;37
4;32078;Note_off_c;66
4;32098;Note_on_c;63
4;32099;Note_off_c;37
4;32100;Note_on_c;49
4;32159;Note_off_c;78
4;32159;Note_off_c;49
4;32160;Note_on_c;77
4;32160;Note_on_c;37
4;32175;Note_on_c;61
4;32186;Note_off_c;63
4;32208;Note_on_c;58
4;32218;Note_off_c;61
4;32219;Note_off_c;37
4;32220;Note_on_c;49
4;32254;Note_on_c;61
4;32257;Note_off_c;58
4;32279;Note_off_c;49
4;32280;Note_on_c;37
4;32339;Note_off_c;37
4;32340;Note_on_c;49
4;32396;Note_on_c;63
4;32397;Note_off_c;61
4;32399;Note_off_c;49
4;32400;Note_on_c;37
4;32429;Note_off_c;77
4;32453;Note_on_c;61
4;32455;Note_off_c;63
4;32459;Note_off_c;37
4;32460;Note_on_c;77
4;32460;Note_on_c;80
4;32460;Note_on_c;49
4;32489;Note_off_c;80
4;32489;Note_off_c;77
4;32490;Note_on_c;83
4;32500;Note_off_c;61
4;32505;Note_on_c;63
4;32519;Note_off_c;49
4;32520;Note_on_c;37
4;32549;Note_off_c;83
4;32579;Note_off_c;37
4;32580;Note_on_c;77
4;32580;Note_on_c;49
4;32598;Note_off_c;63
4;32609;Note_off_c;77
4;32632;Note_on_c;58
4;32637;Note_on_c;63
4;32639;Note_off_c;49
4;32640;Note_on_c;78
4;32640;Note_on_c;42
4;32699;Note_off_c;42
4;32700;Note_on_c;54
4;32759;Note_off_c;54
4;32760;Note_on_c;42
4;32819;Note_off_c;42
4;32820;Note_on_c;54
4;32845;Note_off_c;63
4;32845;Note_off_c;58
4;32860;Note_on_c;61
4;32865;Note_on_c;58
4;32879;Note_off_c;54
4;32880;Note_on_c;42
4;32939;Note_off_c;42
4;32940;Note_on_c;54
4;32943;Note_off_c;61
4;32950;Note_off_c;58
4;32976;Note_on_c;63
4;32980;Note_on_c;58
4;32999;Note_off_c;54
4;33000;Note_on_c;42
4;33028;Note_off_c;58
4;33031;Note_off_c;63
4;33043;Note_on_c;61
4;33047;Note_on_c;58
4;33059;Note_off_c;42
4;33060;Note_on_c;54
4;33119;Note_off_c;54
4;33120;Note_off_c;61
4;33120;Note_on_c;42
4;33129;Note_off_c;58
4;33163;Note_on_c;58
4;33179;Note_off_c;78
4;33179;Note_off_c;42
4;33180;Note_on_c;82
4;33180;Note_on_c;54
4;33209;Note_off_c;82
4;33215;Note_off_c;58
4;33223;Note_on_c;61
4;33239;Note_off_c;54
4;33240;Note_on_c;82
4;33240;Note_on_c;42
4;33278;Note_on_c;58
4;33290;Note_off_c;61
4;33299;Note_off_c;82
4;33299;Note_off_c;42
4;33300;Note_on_c;80
4;33300;Note_on_c;54
4;33329;Note_off_c;80
4;33335;Note_off_c;58
4;33342;Note_on_c;61
4;33359;Note_off_c;54
4;33360;Note_on_c;80
4;33360;Note_on_c;42
4;33401;Note_on_c;58
4;33412;Note_off_c;61
4;33419;Note_off_c;80
4;33419;Note_off_c;42
4;33420;Note_on_c;78
4;33420;Note_on_c;54
4;33449;Note_off_c;78
4;33454;Note_off_c;58
4;33462;Note_on_c;61
4;33479;Note_off_c;54
4;33480;Note_on_c;78
4;33480;Note_on_c;46
4;33539;Note_off_c;78
4;33539;Note_off_c;46
4;33540;Note_on_c;75
4;33540;Note_on_c;58
4;33560;Note_off_c;61
4;33569;Note_off_c;75
4;33594;Note_on_c;58
4;33597;Note_on_c;63
4;33599;Note_off_c;58
4;33600;Note_on_c;75
4;33600;Note_on_c;39
4;33629;Note_off_c;75
4;33630;Note_on_c;78
4;33659;Note_off_c;39
4;33660;Note_on_c;51
4;33719;Note_off_c;51
4;33720;Note_on_c;39
4;33779;Note_off_c;39
4;33780;Note_on_c;51
4;33802;Note_off_c;58
4;33808;Note_off_c;63
4;33823;Note_on_c;61
4;33825;Note_on_c;58
4;33839;Note_off_c;51
4;33840;Note_on_c;39
4;33895;Note_off_c;58
4;33895;Note_off_c;61
4;33899;Note_off_c;39
4;33900;Note_on_c;51
4;33925;Note_on_c;63
4;33933;Note_on_c;58
4;33959;Note_off_c;51
4;33960;Note_on_c;39
4;33985;Note_off_c;63
4;33989;Note_off_c;58
4;33996;Note_on_c;61
4;34007;Note_on_c;58
4;34019;Note_off_c;39
4;34020;Note_on_c;51
4;34079;Note_off_c;51
4;34080;Note_on_c;39
4;34139;Note_off_c;78
4;34139;Note_off_c;39
4;34140;Note_on_c;82
4;34140;Note_on_c;51
4;34169;Note_off_c;82
4;34199;Note_off_c;51
4;34200;Note_on_c;82
4;34200;Note_on_c;39
4;34259;Note_off_c;82
4;34259;Note_off_c;39
4;34260;Note_on_c;80
4;34260;Note_on_c;51
4;34289;Note_off_c;80
4;34319;Note_off_c;51
4;34320;Note_on_c;80
4;34320;Note_on_c;39
4;34379;Note_off_c;39
4;34380;Note_on_c;78
4;34380;Note_on_c;51
4;34402;Note_off_c;61
4;34408;Note_off_c;58
4;34409;Note_off_c;78
4;34409;Note_off_c;80
4;34431;Note_on_c;66
4;34439;Note_off_c;51
4;34440;Note_on_c;78
4;34440;Note_on_c;42
4;34491;Note_off_c;66
4;34492;Note_on_c;63
4;34499;Note_off_c;78
4;34499;Note_off_c;42
4;34500;Note_on_c;75
4;34500;Note_on_c;54
4;34529;Note_off_c;75
4;34546;Note_off_c;63
4;34559;Note_off_c;54
4;34560;Note_on_c;66
4;34560;Note_on_c;80
4;34560;Note_on_c;44
4;34619;Note_on_c;63
4;34619;Note_off_c;44
4;34620;Note_on_c;56
4;34627;Note_off_c;66
4;34669;Note_off_c;63
4;34678;Note_on_c;66
4;34679;Note_off_c;56
4;34680;Note_on_c;44
4;34736;Note_off_c;66
4;34739;Note_on_c;63
4;34739;Note_off_c;44
4;34740;Note_on_c;56
4;34799;Note_off_c;80
4;34799;Note_off_c;56
4;34800;Note_on_c;79
4;34800;Note_on_c;44
4;34859;Note_off_c;44
4;34860;Note_on_c;56
4;34914;Note_off_c;63
4;34919;Note_off_c;56
4;34920;Note_on_c;44
4;34925;Note_on_c;66
4;34929;Note_on_c;63
4;34934;Note_off_c;63
4;34979;Note_off_c;44
4;34980;Note_on_c;56
4;34982;Note_off_c;66
4;34984;Note_on_c;63
4;35030;Note_off_c;63
4;35038;Note_on_c;66
4;35039;Note_off_c;79
4;35039;Note_off_c;56
4;35040;Note_on_c;78
4;35040;Note_on_c;44
4;35099;Note_off_c;44
4;35100;Note_on_c;63
4;35100;Note_on_c;56
4;35107;Note_off_c;66
4;35145;Note_off_c;63
4;35153;Note_on_c;66
4;35159;Note_off_c;56
4;35160;Note_on_c;44
4;35216;Note_off_c;66
4;35218;Note_on_c;63
4;35219;Note_off_c;44
4;35220;Note_on_c;56
4;35279;Note_off_c;78
4;35279;Note_off_c;56
4;35280;Note_on_c;77
4;35280;Note_on_c;44
4;35339;Note_off_c;44
4;35340;Note_on_c;56
4;35371;Note_off_c;63
4;35387;Note_on_c;66
4;35399;Note_off_c;56
4;35400;Note_on_c;44
4;35439;Note_off_c;66
4;35440;Note_on_c;63
4;35459;Note_off_c;44
4;35460;Note_on_c;56
4;35500;Note_off_c;63
4;35510;Note_on_c;66
4;35519;Note_off_c;77
4;35519;Note_off_c;56
4;35520;Note_on_c;78
4;35520;Note_on_c;37
4;35575;Note_on_c;63
4;35579;Note_off_c;37
4;35580;Note_on_c;49
4;35585;Note_off_c;66
4;35634;Note_on_c;61
4;35635;Note_off_c;63
4;35639;Note_off_c;49
4;35640;Note_on_c;37
4;35699;Note_off_c;37
4;35700;Note_off_c;61
4;35700;Note_on_c;49
4;35704;Note_on_c;66
4;35759;Note_off_c;49
4;35760;Note_on_c;37
4;35794;Note_off_c;66
4;35815;Note_on_c;66
4;35819;Note_off_c;37
4;35820;Note_on_c;49
4;35879;Note_off_c;49
4;35880;Note_on_c;37
4;35931;Note_off_c;66
4;35939;Note_off_c;37
4;35940;Note_on_c;49
4;35942;Note_on_c;61
4;35953;Note_on_c;63
4;35972;Note_off_c;61
4;35997;Note_on_c;61
4;35999;Note_off_c;78
4;35999;Note_off_c;49
4;36000;Note_on_c;77
4;36000;Note_on_c;37
4;36005;Note_off_c;63
4;36054;Note_off_c;61
4;36059;Note_off_c;37
4;36060;Note_on_c;49
4;36119;Note_off_c;49
4;36120;Note_on_c;37
4;36179;Note_off_c;37
4;36180;Note_on_c;49
4;36239;Note_off_c;49
4;36240;Note_on_c;37
4;36269;Note_off_c;77
4;36299;Note_off_c;37
4;36300;Note_on_c;85
4;36300;Note_on_c;49
4;36329;Note_off_c;85
4;36359;Note_off_c;49
4;36360;Note_on_c;37
4;36419;Note_off_c;37
4;36420;Note_on_c;77
4;36420;Note_on_c;49
4;36449;Note_off_c;77
4;36479;Note_off_c;49
4;36480;Note_on_c;61
4;36480;Note_on_c;42
4;36531;Note_off_c;61
4;36539;Note_off_c;42
4;36540;Note_on_c;58
4;36540;Note_on_c;54
4;36599;Note_off_c;54
4;36600;Note_on_c;42
4;36603;Note_off_c;58
4;36659;Note_off_c;42
4;36660;Note_on_c;54
4;36719;Note_off_c;54
4;36720;Note_on_c;42
4;36779;Note_off_c;42
4;36780;Note_on_c;54
4;36831;Note_on_c;58
4;36839;Note_off_c;54
4;36840;Note_on_c;42
4;36887;Note_off_c;58
4;36891;Note_on_c;56
4;36899;Note_off_c;42
4;36900;Note_on_c;54
4;36946;Note_off_c;56
4;36954;Note_on_c;54
4;36959;Note_off_c;54
4;36960;Note_on_c;42
4;37005;Note_off_c;54
4;37017;Note_on_c;56
4;37019;Note_off_c;42
4;37020;Note_on_c;54
4;37069;Note_off_c;56
4;37073;Note_on_c;58
4;37079;Note_off_c;54
4;37080;Note_on_c;42
4;37120;Note_off_c;58
4;37130;Note_on_c;61
4;37139;Note_off_c;42
4;37140;Note_on_c;54
4;37199;Note_off_c;54
4;37200;Note_on_c;42
4;37217;Note_off_c;61
4;37254;Note_on_c;58
4;37259;Note_off_c;42
4;37260;Note_on_c;54
4;37299;Note_off_c;58
4;37319;Note_on_c;61
4;37319;Note_off_c;54
4;37320;Note_on_c;46
4;37379;Note_off_c;46
4;37380;Note_on_c;58
4;37394;Note_off_c;61
4;37436;Note_on_c;63
4;37439;Note_off_c;58
4;37440;Note_on_c;39
4;37497;Note_on_c;58
4;37499;Note_off_c;39
4;37500;Note_on_c;51
4;37501;Note_off_c;63
4;37559;Note_off_c;51
4;37560;Note_on_c;39
4;37571;Note_off_c;58
4;37619;Note_off_c;39
4;37620;Note_on_c;51
4;37679;Note_off_c;51
4;37680;Note_on_c;39
4;37739;Note_off_c;39
4;37740;Note_on_c;51
4;37791;Note_on_c;58
4;37799;Note_off_c;51
4;37800;Note_on_c;39
4;37840;Note_off_c;58
4;37848;Note_on_c;56
4;37859;Note_off_c;39
4;37860;Note_on_c;51
4;37901;Note_off_c;56
4;37909;Note_on_c;54
4;37919;Note_off_c;51
4;37920;Note_on_c;39
4;37953;Note_off_c;54
4;37971;Note_on_c;56
4;37979;Note_off_c;39
4;37980;Note_on_c;51
4;38023;Note_off_c;56
4;38032;Note_on_c;58
4;38039;Note_off_c;51
4;38040;Note_on_c;39
4;38078;Note_off_c;58
4;38090;Note_on_c;61
4;38099;Note_off_c;39
4;38100;Note_on_c;51
4;38159;Note_off_c;51
4;38160;Note_on_c;39
4;38179;Note_off_c;61
4;38215;Note_on_c;58
4;38219;Note_off_c;39
4;38220;Note_on_c;51
4;38262;Note_off_c;58
4;38276;Note_on_c;61
4;38279;Note_off_c;51
4;38280;Note_on_c;42
4;38339;Note_off_c;42
4;38340;Note_on_c;54
4;38356;Note_off_c;61
4;38391;Note_on_c;63
4;38399;Note_off_c;54
4;38400;Note_on_c;47
4;38451;Note_off_c;63
4;38455;Note_on_c;59
4;38459;Note_off_c;47
4;38520;Note_on_c;47
4;38538;Note_off_c;59
4;38579;Note_off_c;47
4;38580;Note_on_c;59
4;38639;Note_off_c;59
4;38640;Note_on_c;47
4;38699;Note_off_c;47
4;38700;Note_on_c;59
4;38750;Note_on_c;59
4;38759;Note_off_c;59
4;38760;Note_on_c;47
4;38805;Note_off_c;59
4;38812;Note_on_c;58
4;38819;Note_off_c;47
4;38820;Note_on_c;59
4;38865;Note_off_c;58
4;38869;Note_on_c;56
4;38879;Note_off_c;59
4;38880;Note_on_c;47
4;38917;Note_off_c;56
4;38929;Note_on_c;58
4;38939;Note_off_c;47
4;38940;Note_on_c;59
4;38983;Note_off_c;58
4;38991;Note_on_c;59
4;38999;Note_off_c;59
4;39000;Note_on_c;47
4;39046;Note_off_c;59
4;39059;Note_on_c;63
4;39059;Note_off_c;47
4;39060;Note_on_c;59
4;39119;Note_off_c;59
4;39120;Note_on_c;47
4;39135;Note_off_c;63
4;39175;Note_on_c;66
4;39179;Note_off_c;47
4;39180;Note_on_c;59
4;39227;Note_off_c;66
4;39239;Note_off_c;59
4;39240;Note_on_c;63
4;39240;Note_on_c;47
4;39299;Note_off_c;47
4;39300;Note_on_c;59
4;39319;Note_off_c;63
4;39359;Note_on_c;65
4;39359;Note_off_c;59
4;39360;Note_on_c;41
4;39464;Note_off_c;65
4;39537;Note_on_c;63
4;39539;Note_off_c;41
4;39540;Note_on_c;39
4;39540;Note_on_c;51
4;39647;Note_off_c;63
4;39711;Note_on_c;61
4;39719;Note_off_c;51
4;39719;Note_off_c;39
4;39720;Note_on_c;37
4;39720;Note_on_c;49
4;39842;Note_off_c;61
4;39893;Note_on_c;59
4;39899;Note_off_c;49
4;39899;Note_off_c;37
4;39900;Note_on_c;47
4;39900;Note_on_c;59
4;40014;Note_off_c;59
4;40019;Note_off_c;59
4;40066;Note_on_c;58
4;40079;Note_off_c;47
4;40080;Note_on_c;46
4;40080;Note_on_c;58
4;40158;Note_off_c;58
4;40196;Note_on_c;56
4;40199;Note_off_c;58
4;40199;Note_off_c;46
4;40200;Note_on_c;44
4;40200;Note_on_c;56
4;40274;Note_off_c;56
4;40317;Note_on_c;61
4;40319;Note_off_c;56
4;40319;Note_off_c;44
4;40320;Note_on_c;42
4;40328;Note_on_c;70
4;40371;Note_off_c;61
4;40376;Note_on_c;58
4;40379;Note_off_c;42
4;40380;Note_on_c;54
4;40385;Note_on_c;73
4;40390;Note_off_c;70
4;40422;Note_off_c;73
4;40439;Note_off_c;54
4;40440;Note_on_c;42
4;40451;Note_off_c;58
4;40495;Note_on_c;75
4;40499;Note_off_c;42
4;40500;Note_on_c;54
4;40532;Note_off_c;75
4;40559;Note_off_c;54
4;40560;Note_on_c;42
4;40614;Note_on_c;78
4;40619;Note_off_c;42
4;40620;Note_on_c;54
4;40645;Note_off_c;78
4;40678;Note_on_c;58
4;40679;Note_off_c;54
4;40680;Note_on_c;42
4;40730;Note_off_c;58
4;40736;Note_on_c;56
4;40739;Note_off_c;42
4;40740;Note_on_c;54
4;40741;Note_on_c;78
4;40750;Note_on_c;80
4;40761;Note_off_c;78
4;40787;Note_off_c;56
4;40796;Note_on_c;54
4;40799;Note_off_c;54
4;40800;Note_on_c;42
4;40849;Note_off_c;54
4;40857;Note_on_c;56
4;40859;Note_off_c;42
4;40860;Note_on_c;54
4;40865;Note_on_c;78
4;40873;Note_off_c;80
4;40908;Note_off_c;56
4;40916;Note_on_c;58
4;40919;Note_off_c;54
4;40920;Note_on_c;42
4;40926;Note_on_c;75
4;40929;Note_off_c;78
4;40966;Note_off_c;58
4;40972;Note_off_c;75
4;40979;Note_off_c;42
4;40980;Note_on_c;61
4;40980;Note_on_c;54
4;40990;Note_on_c;73
4;40997;Note_on_c;75
4;41009;Note_off_c;73
4;41039;Note_off_c;54
4;41040;Note_on_c;42
4;41079;Note_off_c;61
4;41099;Note_off_c;42
4;41100;Note_on_c;54
4;41111;Note_on_c;58
4;41155;Note_off_c;58
4;41159;Note_off_c;54
4;41160;Note_on_c;46
4;41162;Note_on_c;61
4;41219;Note_off_c;46
4;41220;Note_on_c;58
4;41244;Note_off_c;61
4;41257;Note_off_c;75
4;41279;Note_off_c;58
4;41280;Note_on_c;39
4;41281;Note_on_c;63
4;41283;Note_on_c;70
4;41337;Note_off_c;63
4;41339;Note_off_c;39
4;41340;Note_on_c;51
4;41345;Note_on_c;58
4;41345;Note_off_c;70
4;41345;Note_on_c;73
4;41392;Note_off_c;73
4;41399;Note_off_c;51
4;41400;Note_on_c;39
4;41401;Note_off_c;58
4;41457;Note_on_c;75
4;41459;Note_off_c;39
4;41460;Note_on_c;51
4;41504;Note_off_c;75
4;41519;Note_off_c;51
4;41520;Note_on_c;39
4;41573;Note_on_c;78
4;41579;Note_off_c;39
4;41580;Note_on_c;51
4;41616;Note_off_c;78
4;41632;Note_on_c;58
4;41639;Note_off_c;51
4;41640;Note_on_c;39
4;41681;Note_off_c;58
4;41690;Note_on_c;56
4;41691;Note_on_c;78
4;41699;Note_off_c;39
4;41700;Note_on_c;51
4;41706;Note_on_c;80
4;41715;Note_off_c;78
4;41740;Note_off_c;56
4;41748;Note_on_c;54
4;41759;Note_off_c;51
4;41760;Note_on_c;39
4;41794;Note_off_c;54
4;41813;Note_on_c;56
4;41818;Note_on_c;78
4;41819;Note_off_c;39
4;41820;Note_on_c;51
4;41831;Note_off_c;80
4;41864;Note_off_c;56
4;41870;Note_on_c;58
4;41879;Note_on_c;75
4;41879;Note_off_c;51
4;41880;Note_on_c;39
4;41883;Note_off_c;78
4;41917;Note_off_c;58
4;41924;Note_off_c;75
4;41935;Note_on_c;61
4;41939;Note_off_c;39
4;41940;Note_on_c;51
4;41944;Note_on_c;73
4;41949;Note_on_c;75
4;41964;Note_off_c;73
4;41999;Note_off_c;51
4;42000;Note_on_c;39
4;42048;Note_off_c;61
4;42059;Note_off_c;39
4;42060;Note_on_c;51
4;42061;Note_on_c;58
4;42108;Note_off_c;58
4;42115;Note_on_c;61
4;42119;Note_off_c;51
4;42120;Note_on_c;42
4;42179;Note_off_c;42
4;42180;Note_on_c;54
4;42209;Note_off_c;61
4;42231;Note_off_c;75
4;42235;Note_on_c;63
4;42239;Note_off_c;54
4;42240;Note_on_c;47
4;42242;Note_on_c;71
4;42294;Note_off_c;63
4;42299;Note_on_c;59
4;42299;Note_off_c;47
4;42305;Note_off_c;71
4;42308;Note_on_c;75
4;42352;Note_off_c;59
4;42356;Note_off_c;75
4;42360;Note_on_c;47
4;42419;Note_off_c;47
4;42420;Note_on_c;59
4;42427;Note_on_c;78
4;42467;Note_off_c;78
4;42479;Note_off_c;59
4;42480;Note_on_c;47
4;42539;Note_off_c;47
4;42540;Note_on_c;59
4;42550;Note_on_c;75
4;42581;Note_off_c;75
4;42587;Note_on_c;59
4;42599;Note_off_c;59
4;42600;Note_on_c;47
4;42643;Note_off_c;59
4;42653;Note_on_c;58
4;42658;Note_on_c;78
4;42659;Note_off_c;47
4;42660;Note_on_c;59
4;42666;Note_on_c;80
4;42677;Note_off_c;78
4;42702;Note_off_c;58
4;42709;Note_on_c;56
4;42719;Note_off_c;59
4;42720;Note_on_c;47
4;42762;Note_off_c;56
4;42772;Note_on_c;58
4;42779;Note_on_c;78
4;42779;Note_off_c;47
4;42780;Note_on_c;59
4;42787;Note_off_c;80
4;42822;Note_off_c;58
4;42834;Note_on_c;59
4;42836;Note_off_c;78
4;42839;Note_off_c;59
4;42840;Note_on_c;75
4;42840;Note_on_c;47
4;42882;Note_off_c;59
4;42884;Note_off_c;75
4;42899;Note_on_c;63
4;42899;Note_off_c;47
4;42900;Note_on_c;59
4;42907;Note_on_c;73
4;42918;Note_on_c;75
4;42928;Note_off_c;73
4;42959;Note_off_c;59
4;42960;Note_on_c;47
4;42994;Note_off_c;63
4;43019;Note_off_c;47
4;43020;Note_on_c;66
4;43020;Note_on_c;59
4;43068;Note_off_c;66
4;43079;Note_off_c;59
4;43080;Note_on_c;63
4;43080;Note_on_c;47
4;43139;Note_off_c;47
4;43140;Note_on_c;59
4;43158;Note_off_c;63
4;43176;Note_off_c;75
4;43195;Note_on_c;65
4;43195;Note_on_c;77
4;43199;Note_off_c;59
4;43200;Note_on_c;41
4;43364;Note_off_c;65
4;43371;Note_off_c;77
4;43379;Note_off_c;41
4;43380;Note_on_c;39
4;43380;Note_on_c;51
4;43381;Note_on_c;63
4;43383;Note_on_c;80
4;43531;Note_off_c;63
4;43544;Note_on_c;61
4;43546;Note_off_c;80
4;43553;Note_on_c;83
4;43559;Note_off_c;51
4;43559;Note_off_c;39
4;43560;Note_on_c;37
4;43560;Note_on_c;49
4;43712;Note_off_c;83
4;43732;Note_on_c;85
4;43734;Note_off_c;61
4;43736;Note_on_c;59
4;43739;Note_off_c;49
4;43739;Note_off_c;37
4;43740;Note_on_c;47
4;43740;Note_on_c;59
4;43859;Note_off_c;59
4;43882;Note_off_c;85
4;43893;Note_off_c;59
4;43899;Note_on_c;83
4;43900;Note_on_c;58
4;43919;Note_off_c;47
4;43920;Note_on_c;46
4;43920;Note_on_c;58
4;43997;Note_off_c;83
4;44022;Note_off_c;58
4;44027;Note_on_c;56
4;44031;Note_on_c;82
4;44039;Note_off_c;58
4;44039;Note_off_c;46
4;44040;Note_on_c;44
4;44040;Note_on_c;56
4;44092;Note_off_c;82
4;44155;Note_off_c;56
4;44159;Note_off_c;56
4;44159;Note_off_c;44
4;44161;Note_on_c;85
4;44162;Note_on_c;37
4;44222;Note_on_c;49
4;44225;Note_off_c;37
4;44275;Note_off_c;49
4;44283;Note_on_c;37
4;44336;Note_off_c;37
4;44336;Note_on_c;49
4;44388;Note_off_c;49
4;44399;Note_on_c;37
4;44458;Note_off_c;37
4;44461;Note_on_c;49
4;44515;Note_off_c;49
4;44526;Note_on_c;37
4;44578;Note_off_c;37
4;44583;Note_on_c;49
4;44640;Note_off_c;49
4;44640;Note_on_c;37
4;44689;Note_on_c;58
4;44699;Note_off_c;37
4;44700;Note_on_c;49
4;44739;Note_off_c;58
4;44750;Note_on_c;61
4;44759;Note_off_c;49
4;44760;Note_on_c;37
4;44811;Note_on_c;58
4;44816;Note_off_c;61
4;44819;Note_off_c;37
4;44820;Note_on_c;49
4;44859;Note_off_c;58
4;44871;Note_on_c;61
4;44879;Note_off_c;49
4;44880;Note_on_c;37
4;44931;Note_on_c;58
4;44937;Note_off_c;61
4;44939;Note_off_c;37
4;44940;Note_on_c;49
4;44979;Note_off_c;58
4;44987;Note_on_c;61
4;44999;Note_off_c;49
4;45000;Note_on_c;37
4;45059;Note_off_c;37
4;45060;Note_on_c;49
4;45081;Note_off_c;61
4;45115;Note_off_c;85
4;45117;Note_on_c;63
4;45119;Note_on_c;66
4;45119;Note_off_c;49
4;45120;Note_on_c;42
4;45179;Note_off_c;42
4;45180;Note_on_c;54
4;45239;Note_off_c;54
4;45240;Note_on_c;42
4;45299;Note_off_c;42
4;45300;Note_on_c;54
4;45324;Note_off_c;66
4;45324;Note_off_c;63
4;45341;Note_on_c;61
4;45344;Note_on_c;66
4;45359;Note_off_c;54
4;45360;Note_on_c;42
4;45419;Note_off_c;42
4;45420;Note_on_c;54
4;45426;Note_off_c;61
4;45433;Note_off_c;66
4;45462;Note_on_c;63
4;45462;Note_on_c;66
4;45465;Note_on_c;61
4;45479;Note_off_c;54
4;45480;Note_on_c;42
4;45510;Note_off_c;63
4;45513;Note_off_c;66
4;45516;Note_off_c;61
4;45532;Note_on_c;66
4;45533;Note_on_c;63
4;45534;Note_on_c;61
4;45539;Note_off_c;42
4;45540;Note_on_c;54
4;45577;Note_off_c;63
4;45599;Note_off_c;54
4;45600;Note_on_c;42
4;45602;Note_off_c;61
4;45625;Note_off_c;66
4;45659;Note_off_c;42
4;45660;Note_on_c;82
4;45660;Note_on_c;54
4;45662;Note_on_c;61
4;45689;Note_off_c;82
4;45709;Note_off_c;61
4;45719;Note_off_c;54
4;45720;Note_on_c;82
4;45720;Note_on_c;42
4;45722;Note_on_c;63
4;45779;Note_off_c;82
4;45779;Note_off_c;42
4;45780;Note_on_c;80
4;45780;Note_on_c;54
4;45781;Note_off_c;63
4;45804;Note_on_c;63
4;45809;Note_off_c;80
4;45839;Note_off_c;54
4;45840;Note_on_c;80
4;45840;Note_on_c;42
4;45853;Note_off_c;63
4;45853;Note_on_c;61
4;45869;Note_off_c;80
4;45899;Note_on_c;63
4;45899;Note_off_c;42
4;45900;Note_on_c;78
4;45900;Note_on_c;54
4;45916;Note_off_c;61
4;45929;Note_off_c;78
4;45959;Note_off_c;54
4;45960;Note_on_c;78
4;45960;Note_on_c;46
4;45961;Note_off_c;63
4;45961;Note_on_c;61
4;46019;Note_off_c;78
4;46019;Note_off_c;46
4;46020;Note_on_c;75
4;46020;Note_on_c;58
4;46025;Note_off_c;61
4;46049;Note_off_c;75
4;46079;Note_off_c;58
4;46080;Note_on_c;63
4;46080;Note_on_c;66
4;46080;Note_on_c;75
4;46080;Note_on_c;39
4;46109;Note_off_c;75
4;46110;Note_on_c;78
4;46139;Note_off_c;39
4;46140;Note_on_c;51
4;46199;Note_off_c;51
4;46200;Note_on_c;39
4;46259;Note_off_c;78
4;46259;Note_off_c;39
4;46260;Note_on_c;75
4;46260;Note_on_c;51
4;46285;Note_off_c;63
4;46289;Note_off_c;66
4;46307;Note_on_c;61
4;46309;Note_on_c;66
4;46319;Note_off_c;51
4;46320;Note_on_c;39
4;46374;Note_off_c;61
4;46379;Note_off_c;39
4;46380;Note_on_c;51
4;46382;Note_off_c;66
4;46415;Note_on_c;63
4;46416;Note_on_c;66
4;46439;Note_off_c;51
4;46440;Note_on_c;39
4;46474;Note_off_c;63
4;46477;Note_off_c;66
4;46483;Note_on_c;61
4;46499;Note_off_c;39
4;46500;Note_on_c;51
4;46559;Note_off_c;51
4;46560;Note_on_c;39
4;46568;Note_off_c;61
4;46589;Note_off_c;75
4;46619;Note_off_c;39
4;46620;Note_on_c;82
4;46620;Note_on_c;51
4;46649;Note_off_c;82
4;46679;Note_off_c;51
4;46680;Note_on_c;82
4;46680;Note_on_c;39
4;46739;Note_off_c;82
4;46739;Note_off_c;39
4;46740;Note_on_c;80
4;46740;Note_on_c;51
4;46769;Note_off_c;80
4;46799;Note_off_c;51
4;46800;Note_on_c;80
4;46800;Note_on_c;39
4;46859;Note_off_c;80
4;46859;Note_off_c;39
4;46860;Note_on_c;78
4;46860;Note_on_c;51
4;46889;Note_off_c;78
4;46909;Note_on_c;66
4;46919;Note_off_c;51
4;46920;Note_on_c;78
4;46920;Note_on_c;42
4;46969;Note_off_c;66
4;46976;Note_on_c;63
4;46979;Note_off_c;78
4;46979;Note_off_c;42
4;46980;Note_on_c;75
4;46980;Note_on_c;54
4;47027;Note_off_c;63
4;47039;Note_off_c;75
4;47039;Note_off_c;54
4;47040;Note_on_c;80
4;47040;Note_on_c;44
4;47043;Note_on_c;66
4;47083;Note_off_c;66
4;47099;Note_off_c;44
4;47100;Note_on_c;56
4;47102;Note_on_c;63
4;47141;Note_off_c;63
4;47159;Note_on_c;66
4;47159;Note_off_c;56
4;47160;Note_on_c;44
4;47208;Note_off_c;66
4;47218;Note_on_c;63
4;47219;Note_off_c;44
4;47220;Note_on_c;56
4;47279;Note_off_c;80
4;47279;Note_off_c;56
4;47280;Note_on_c;79
4;47280;Note_on_c;44
4;47339;Note_off_c;44
4;47340;Note_on_c;56
4;47371;Note_off_c;63
4;47389;Note_on_c;66
4;47399;Note_off_c;56
4;47400;Note_on_c;44
4;47447;Note_on_c;63
4;47448;Note_off_c;66
4;47459;Note_off_c;44
4;47460;Note_on_c;56
4;47499;Note_off_c;63
4;47516;Note_on_c;66
4;47519;Note_off_c;79
4;47519;Note_off_c;56
4;47520;Note_on_c;78
4;47520;Note_on_c;44
4;47577;Note_off_c;66
4;47577;Note_on_c;63
4;47579;Note_off_c;44
4;47580;Note_on_c;56
4;47622;Note_off_c;63
4;47634;Note_on_c;66
4;47639;Note_off_c;56
4;47640;Note_on_c;44
4;47696;Note_off_c;66
4;47699;Note_off_c;44
4;47700;Note_on_c;56
4;47701;Note_on_c;63
4;47759;Note_off_c;78
4;47759;Note_off_c;56
4;47760;Note_on_c;77
4;47760;Note_on_c;44
4;47819;Note_off_c;44
4;47820;Note_on_c;56
4;47871;Note_on_c;66
4;47878;Note_off_c;63
4;47879;Note_off_c;56
4;47880;Note_on_c;44
4;47934;Note_on_c;63
4;47939;Note_off_c;44
4;47940;Note_on_c;56
4;47944;Note_off_c;66
4;47979;Note_off_c;63
4;47991;Note_on_c;66
4;47999;Note_off_c;77
4;47999;Note_off_c;56
4;48000;Note_on_c;78
4;48000;Note_on_c;37
4;48057;Note_on_c;63
4;48059;Note_off_c;37
4;48060;Note_on_c;49
4;48065;Note_off_c;66
4;48103;Note_off_c;63
4;48105;Note_on_c;61
4;48119;Note_off_c;49
4;48120;Note_on_c;37
4;48169;Note_off_c;61
4;48175;Note_on_c;66
4;48179;Note_off_c;37
4;48180;Note_on_c;49
4;48239;Note_off_c;49
4;48240;Note_on_c;37
4;48269;Note_off_c;66
4;48293;Note_on_c;66
4;48299;Note_off_c;37
4;48300;Note_on_c;49
4;48359;Note_off_c;49
4;48360;Note_on_c;37
4;48398;Note_off_c;66
4;48418;Note_on_c;63
4;48419;Note_off_c;37
4;48420;Note_on_c;49
4;48479;Note_off_c;78
4;48479;Note_off_c;49
4;48480;Note_on_c;77
4;48480;Note_on_c;37
4;48495;Note_on_c;61
4;48506;Note_off_c;63
4;48528;Note_on_c;58
4;48538;Note_off_c;61
4;48539;Note_off_c;37
4;48540;Note_on_c;49
4;48574;Note_on_c;61
4;48577;Note_off_c;58
4;48599;Note_off_c;49
4;48600;Note_on_c;37
4;48659;Note_off_c;37
4;48660;Note_on_c;49
4;48716;Note_on_c;63
4;48717;Note_off_c;61
4;48719;Note_off_c;49
4;48720;Note_on_c;37
4;48749;Note_off_c;77
4;48773;Note_on_c;61
4;48775;Note_off_c;63
4;48779;Note_off_c;37
4;48780;Note_on_c;77
4;48780;Note_on_c;80
4;48780;Note_on_c;49
4;48809;Note_off_c;80
4;48809;Note_off_c;77
4;48810;Note_on_c;83
4;48820;Note_off_c;61
4;48825;Note_on_c;63
4;48839;Note_off_c;49
4;48840;Note_on_c;37
4;48869;Note_off_c;83
4;48899;Note_off_c;37
4;48900;Note_on_c;77
4;48900;Note_on_c;49
4;48918;Note_off_c;63
4;48929;Note_off_c;77
4;48952;Note_on_c;58
4;48957;Note_on_c;63
4;48959;Note_off_c;49
4;48960;Note_on_c;78
4;48960;Note_on_c;42
4;49019;Note_off_c;42
4;49020;Note_on_c;54
4;49079;Note_off_c;54
4;49080;Note_on_c;42
4;49139;Note_off_c;42
4;49140;Note_on_c;54
4;49165;Note_off_c;63
4;49165;Note_off_c;58
4;49180;Note_on_c;61
4;49185;Note_on_c;58
4;49199;Note_off_c;54
4;49200;Note_on_c;42
4;49259;Note_off_c;42
4;49260;Note_on_c;54
4;49263;Note_off_c;61
4;49270;Note_off_c;58
4;49296;Note_on_c;63
4;49300;Note_on_c;58
4;49319;Note_off_c;54
4;49320;Note_on_c;42
4;49348;Note_off_c;58
4;49351;Note_off_c;63
4;49363;Note_on_c;61
4;49367;Note_on_c;58
4;49379;Note_off_c;42
4;49380;Note_on_c;54
4;49439;Note_off_c;54
4;49440;Note_off_c;61
4;49440;Note_on_c;42
4;49449;Note_off_c;58
4;49483;Note_on_c;58
4;49499;Note_off_c;78
4;49499;Note_off_c;42
4;49500;Note_on_c;82
4;49500;Note_on_c;54
4;49529;Note_off_c;82
4;49535;Note_off_c;58
4;49543;Note_on_c;61
4;49559;Note_off_c;54
4;49560;Note_on_c;82
4;49560;Note_on_c;42
4;49598;Note_on_c;58
4;49610;Note_off_c;61
4;49619;Note_off_c;82
4;49619;Note_off_c;42
4;49620;Note_on_c;80
4;49620;Note_on_c;54
4;49649;Note_off_c;80
4;49655;Note_off_c;58
4;49662;Note_on_c;61
4;49679;Note_off_c;54
4;49680;Note_on_c;80
4;49680;Note_on_c;42
4;49721;Note_on_c;58
4;49732;Note_off_c;61
4;49739;Note_off_c;80
4;49739;Note_off_c;42
4;49740;Note_on_c;78
4;49740;Note_on_c;54
4;49769;Note_off_c;78
4;49774;Note_off_c;58
4;49782;Note_on_c;61
4;49799;Note_off_c;54
4;49800;Note_on_c;78
4;49800;Note_on_c;46
4;49859;Note_off_c;78
4;49859;Note_off_c;46
4;49860;Note_on_c;75
4;49860;Note_on_c;58
4;49880;Note_off_c;61
4;49889;Note_off_c;75
4;49914;Note_on_c;58
4;49917;Note_on_c;63
4;49919;Note_off_c;58
4;49920;Note_on_c;75
4;49920;Note_on_c;39
4;49949;Note_off_c;75
4;49950;Note_on_c;78
4;49979;Note_off_c;39
4;49980;Note_on_c;51
4;50039;Note_off_c;51
4;50040;Note_on_c;39
4;50099;Note_off_c;39
4;50100;Note_on_c;51
4;50122;Note_off_c;58
4;50128;Note_off_c;63
4;50143;Note_on_c;61
4;50145;Note_on_c;58
4;50159;Note_off_c;51
4;50160;Note_on_c;39
4;50215;Note_off_c;58
4;50215;Note_off_c;61
4;50219;Note_off_c;39
4;50220;Note_on_c;51
4;50245;Note_on_c;63
4;50253;Note_on_c;58
4;50279;Note_off_c;51
4;50280;Note_on_c;39
4;50305;Note_off_c;63
4;50309;Note_off_c;58
4;50316;Note_on_c;61
4;50327;Note_on_c;58
4;50339;Note_off_c;39
4;50340;Note_on_c;51
4;50399;Note_off_c;51
4;50400;Note_on_c;39
4;50459;Note_off_c;78
4;50459;Note_off_c;39
4;50460;Note_on_c;82
4;50460;Note_on_c;51
4;50489;Note_off_c;82
4;50519;Note_off_c;51
4;50520;Note_on_c;82
4;50520;Note_on_c;39
4;50579;Note_off_c;82
4;50579;Note_off_c;39
4;50580;Note_on_c;80
4;50580;Note_on_c;51
4;50609;Note_off_c;80
4;50639;Note_off_c;51
4;50640;Note_on_c;80
4;50640;Note_on_c;39
4;50699;Note_off_c;39
4;50700;Note_on_c;78
4;50700;Note_on_c;51
4;50722;Note_off_c;61
4;50728;Note_off_c;58
4;50729;Note_off_c;78
4;50729;Note_off_c;80
4;50751;Note_on_c;66
4;50759;Note_off_c;51
4;50760;Note_on_c;78
4;50760;Note_on_c;42
4;50811;Note_off_c;66
4;50812;Note_on_c;63
4;50819;Note_off_c;78
4;50819;Note_off_c;42
4;50820;Note_on_c;75
4;50820;Note_on_c;54
4;50849;Note_off_c;75
4;50866;Note_off_c;63
4;50879;Note_off_c;54
4;50880;Note_on_c;66
4;50880;Note_on_c;80
4;50880;Note_on_c;44
4;50939;Note_on_c;63
4;50939;Note_off_c;44
4;50940;Note_on_c;56
4;50947;Note_off_c;66
4;50989;Note_off_c;63
4;50998;Note_on_c;66
4;50999;Note_off_c;56
4;51000;Note_on_c;44
4;51056;Note_off_c;66
4;51059;Note_on_c;63
4;51059;Note_off_c;44
4;51060;Note_on_c;56
4;51119;Note_off_c;80
4;51119;Note_off_c;56
4;51120;Note_on_c;79
4;51120;Note_on_c;44
4;51179;Note_off_c;44
4;51180;Note_on_c;56
4;51234;Note_off_c;63
4;51239;Note_off_c;56
4;51240;Note_on_c;44
4;51245;Note_on_c;66
4;51249;Note_on_c;63
4;51254;Note_off_c;63
4;51299;Note_off_c;44
4;51300;Note_on_c;56
4;51302;Note_off_c;66
4;51304;Note_on_c;63
4;51350;Note_off_c;63
4;51358;Note_on_c;66
4;51359;Note_off_c;79
4;51359;Note_off_c;56
4;51360;Note_on_c;78
4;51360;Note_on_c;44
4;51419;Note_off_c;44
4;51420;Note_on_c;63
4;51420;Note_on_c;56
4;51427;Note_off_c;66
4;51465;Note_off_c;63
4;51473;Note_on_c;66
4;51479;Note_off_c;56
4;51480;Note_on_c;44
4;51536;Note_off_c;66
4;51538;Note_on_c;63
4;51539;Note_off_c;44
4;51540;Note_on_c;56
4;51599;Note_off_c;78
4;51599;Note_off_c;56
4;51600;Note_on_c;77
4;51600;Note_on_c;44
4;51659;Note_off_c;44
4;51660;Note_on_c;56
4;51691;Note_off_c;63
4;51707;Note_on_c;66
4;51719;Note_off_c;56
4;51720;Note_on_c;44
4;51759;Note_off_c;66
4;51760;Note_on_c;63
4;51779;Note_off_c;44
4;51780;Note_on_c;56
4;51820;Note_off_c;63
4;51830;Note_on_c;66
4;51839;Note_off_c;77
4;51839;Note_off_c;56
4;51840;Note_on_c;78
4;51840;Note_on_c;37
4;51895;Note_on_c;63
4;51899;Note_off_c;37
4;51900;Note_on_c;49
4;51905;Note_off_c;66
4;51954;Note_on_c;61
4;51955;Note_off_c;63
4;51959;Note_off_c;49
4;51960;Note_on_c;37
4;52019;Note_off_c;37
4;52020;Note_off_c;61
4;52020;Note_on_c;49
4;52024;Note_on_c;66
4;52079;Note_off_c;49
4;52080;Note_on_c;37
4;52114;Note_off_c;66
4;52135;Note_on_c;66
4;52139;Note_off_c;37
4;52140;Note_on_c;49
4;52199;Note_off_c;49
4;52200;Note_on_c;37
4;52251;Note_off_c;66
4;52259;Note_off_c;37
4;52260;Note_on_c;49
4;52262;Note_on_c;61
4;52273;Note_on_c;63
4;52292;Note_off_c;61
4;52317;Note_on_c;61
4;52319;Note_off_c;78
4;52319;Note_off_c;49
4;52320;Note_on_c;77
4;52320;Note_on_c;37
4;52325;Note_off_c;63
4;52364;Note_on_c;58
4;52374;Note_off_c;61
4;52379;Note_off_c;37
4;52380;Note_on_c;49
4;52414;Note_on_c;61
4;52424;Note_off_c;58
4;52439;Note_off_c;49
4;52440;Note_on_c;37
4;52499;Note_off_c;37
4;52500;Note_on_c;49
4;52559;Note_off_c;49
4;52560;Note_on_c;37
4;52589;Note_off_c;77
4;52619;Note_off_c;37
4;52620;Note_on_c;85
4;52620;Note_on_c;49
4;52649;Note_off_c;85
4;52679;Note_off_c;49
4;52680;Note_on_c;37
4;52739;Note_off_c;37
4;52740;Note_on_c;77
4;52740;Note_on_c;49
4;52769;Note_off_c;77
4;52793;Note_off_c;61
4;52799;Note_off_c;49
4;52800;Note_on_c;61
4;52800;Note_on_c;63
4;52800;Note_on_c;66
4;52800;Note_on_c;42
4;52859;Note_off_c;42
4;52860;Note_on_c;54
4;52919;Note_off_c;54
4;52920;Note_off_c;66
4;52920;Note_off_c;63
4;52920;Note_off_c;61
4;52920;Note_on_c;42
4;52979;Note_off_c;42
4;52980;Note_on_c;54
4;53021;Note_on_c;61
4;53024;Note_on_c;66
4;53039;Note_off_c;54
4;53040;Note_on_c;42
4;53099;Note_off_c;42
4;53100;Note_on_c;54
4;53106;Note_off_c;61
4;53113;Note_off_c;66
4;53142;Note_on_c;63
4;53142;Note_on_c;66
4;53145;Note_on_c;61
4;53159;Note_off_c;54
4;53160;Note_on_c;42
4;53190;Note_off_c;63
4;53193;Note_off_c;66
4;53196;Note_off_c;61
4;53212;Note_on_c;66
4;53213;Note_on_c;63
4;53214;Note_on_c;61
4;53219;Note_off_c;42
4;53220;Note_on_c;54
4;53257;Note_off_c;63
4;53279;Note_off_c;54
4;53280;Note_on_c;42
4;53282;Note_off_c;61
4;53305;Note_off_c;66
4;53339;Note_off_c;42
4;53340;Note_on_c;82
4;53340;Note_on_c;54
4;53342;Note_on_c;61
4;53369;Note_off_c;82
4;53389;Note_off_c;61
4;53399;Note_off_c;54
4;53400;Note_on_c;82
4;53400;Note_on_c;42
4;53402;Note_on_c;63
4;53459;Note_off_c;82
4;53459;Note_off_c;42
4;53460;Note_on_c;80
4;53460;Note_on_c;54
4;53461;Note_off_c;63
4;53484;Note_on_c;63
4;53489;Note_off_c;80
4;53519;Note_off_c;54
4;53520;Note_on_c;80
4;53520;Note_on_c;42
4;53533;Note_off_c;63
4;53533;Note_on_c;61
4;53549;Note_off_c;80
4;53579;Note_on_c;63
4;53579;Note_off_c;42
4;53580;Note_on_c;78
4;53580;Note_on_c;54
4;53596;Note_off_c;61
4;53609;Note_off_c;78
4;53639;Note_off_c;54
4;53640;Note_on_c;78
4;53640;Note_on_c;46
4;53641;Note_off_c;63
4;53641;Note_on_c;61
4;53699;Note_off_c;78
4;53699;Note_off_c;46
4;53700;Note_on_c;75
4;53700;Note_on_c;58
4;53705;Note_off_c;61
4;53729;Note_off_c;75
4;53759;Note_off_c;58
4;53760;Note_on_c;63
4;53760;Note_on_c;66
4;53760;Note_on_c;75
4;53760;Note_on_c;39
4;53789;Note_off_c;75
4;53790;Note_on_c;78
4;53819;Note_off_c;39
4;53820;Note_on_c;51
4;53879;Note_off_c;51
4;53880;Note_on_c;39
4;53939;Note_off_c;78
4;53939;Note_off_c;39
4;53940;Note_on_c;75
4;53940;Note_on_c;51
4;53965;Note_off_c;63
4;53969;Note_off_c;66
4;53987;Note_on_c;61
4;53989;Note_on_c;66
4;53999;Note_off_c;51
4;54000;Note_on_c;39
4;54054;Note_off_c;61
4;54059;Note_off_c;39
4;54060;Note_on_c;51
4;54062;Note_off_c;66
4;54095;Note_on_c;63
4;54096;Note_on_c;66
4;54119;Note_off_c;51
4;54120;Note_on_c;39
4;54154;Note_off_c;63
4;54157;Note_off_c;66
4;54163;Note_on_c;61
4;54179;Note_off_c;39
4;54180;Note_on_c;51
4;54239;Note_off_c;51
4;54240;Note_on_c;39
4;54248;Note_off_c;61
4;54269;Note_off_c;75
4;54299;Note_off_c;39
4;54300;Note_on_c;82
4;54300;Note_on_c;51
4;54329;Note_off_c;82
4;54359;Note_off_c;51
4;54360;Note_on_c;82
4;54360;Note_on_c;39
4;54419;Note_off_c;82
4;54419;Note_off_c;39
4;54420;Note_on_c;80
4;54420;Note_on_c;51
4;54449;Note_off_c;80
4;54479;Note_off_c;51
4;54480;Note_on_c;80
4;54480;Note_on_c;39
4;54539;Note_off_c;80
4;54539;Note_off_c;39
4;54540;Note_on_c;78
4;54540;Note_on_c;51
4;54569;Note_off_c;78
4;54589;Note_on_c;66
4;54599;Note_off_c;51
4;54600;Note_on_c;78
4;54600;Note_on_c;42
4;54649;Note_off_c;66
4;54656;Note_on_c;63
4;54659;Note_off_c;78
4;54659;Note_off_c;42
4;54660;Note_on_c;75
4;54660;Note_on_c;54
4;54707;Note_off_c;63
4;54719;Note_off_c;75
4;54719;Note_off_c;54
4;54720;Note_on_c;80
4;54720;Note_on_c;44
4;54723;Note_on_c;66
4;54763;Note_off_c;66
4;54779;Note_off_c;44
4;54780;Note_on_c;56
4;54782;Note_on_c;63
4;54821;Note_off_c;63
4;54839;Note_on_c;66
4;54839;Note_off_c;56
4;54840;Note_on_c;44
4;54888;Note_off_c;66
4;54898;Note_on_c;63
4;54899;Note_off_c;44
4;54900;Note_on_c;56
4;54959;Note_off_c;80
4;54959;Note_off_c;56
4;54960;Note_on_c;79
4;54960;Note_on_c;44
4;55019;Note_off_c;44
4;55020;Note_on_c;56
4;55051;Note_off_c;63
4;55069;Note_on_c;66
4;55079;Note_off_c;56
4;55080;Note_on_c;44
4;55127;Note_on_c;63
4;55128;Note_off_c;66
4;55139;Note_off_c;44
4;55140;Note_on_c;56
4;55179;Note_off_c;63
4;55196;Note_on_c;66
4;55199;Note_off_c;79
4;55199;Note_off_c;56
4;55200;Note_on_c;78
4;55200;Note_on_c;44
4;55257;Note_off_c;66
4;55257;Note_on_c;63
4;55259;Note_off_c;44
4;55260;Note_on_c;56
4;55302;Note_off_c;63
4;55314;Note_on_c;66
4;55319;Note_off_c;56
4;55320;Note_on_c;44
4;55376;Note_off_c;66
4;55379;Note_off_c;44
4;55380;Note_on_c;56
4;55381;Note_on_c;63
4;55439;Note_off_c;78
4;55439;Note_off_c;56
4;55440;Note_on_c;77
4;55440;Note_on_c;44
4;55499;Note_off_c;44
4;55500;Note_on_c;56
4;55551;Note_on_c;66
4;55558;Note_off_c;63
4;55559;Note_off_c;56
4;55560;Note_on_c;44
4;55614;Note_on_c;63
4;55619;Note_off_c;44
4;55620;Note_on_c;56
4;55624;Note_off_c;66
4;55659;Note_off_c;63
4;55671;Note_on_c;66
4;55679;Note_off_c;77
4;55679;Note_off_c;56
4;55680;Note_on_c;78
4;55680;Note_on_c;37
4;55737;Note_on_c;63
4;55739;Note_off_c;37
4;55740;Note_on_c;49
4;55745;Note_off_c;66
4;55783;Note_off_c;63
4;55785;Note_on_c;61
4;55799;Note_off_c;49
4;55800;Note_on_c;37
4;55849;Note_off_c;61
4;55855;Note_on_c;66
4;55859;Note_off_c;37
4;55860;Note_on_c;49
4;55919;Note_off_c;49
4;55920;Note_on_c;37
4;55949;Note_off_c;66
4;55973;Note_on_c;66
4;55979;Note_off_c;37
4;55980;Note_on_c;49
4;56039;Note_off_c;49
4;56040;Note_on_c;37
4;56078;Note_off_c;66
4;56098;Note_on_c;63
4;56099;Note_off_c;37
4;56100;Note_on_c;49
4;56159;Note_off_c;78
4;56159;Note_off_c;49
4;56160;Note_on_c;77
4;56160;Note_on_c;37
4;56186;Note_off_c;63
4;56209;Note_on_c;58
4;56219;Note_off_c;37
4;56220;Note_on_c;49
4;56259;Note_off_c;58
4;56270;Note_on_c;61
4;56279;Note_off_c;49
4;56280;Note_on_c;37
4;56331;Note_on_c;58
4;56336;Note_off_c;61
4;56339;Note_off_c;37
4;56340;Note_on_c;49
4;56379;Note_off_c;58
4;56391;Note_on_c;61
4;56399;Note_off_c;49
4;56400;Note_on_c;37
4;56429;Note_off_c;77
4;56451;Note_on_c;58
4;56457;Note_off_c;61
4;56459;Note_off_c;37
4;56460;Note_on_c;77
4;56460;Note_on_c;80
4;56460;Note_on_c;49
4;56489;Note_off_c;80
4;56489;Note_off_c;77
4;56490;Note_on_c;83
4;56499;Note_off_c;58
4;56507;Note_on_c;61
4;56519;Note_off_c;49
4;56520;Note_on_c;37
4;56549;Note_off_c;83
4;56579;Note_off_c;37
4;56580;Note_on_c;77
4;56580;Note_on_c;49
4;56601;Note_off_c;61
4;56609;Note_off_c;77
4;56637;Note_on_c;63
4;56639;Note_on_c;66
4;56639;Note_off_c;49
4;56640;Note_on_c;78
4;56640;Note_on_c;42
4;56699;Note_off_c;42
4;56700;Note_on_c;54
4;56759;Note_off_c;54
4;56760;Note_on_c;42
4;56819;Note_off_c;42
4;56820;Note_on_c;54
4;56844;Note_off_c;66
4;56844;Note_off_c;63
4;56861;Note_on_c;61
4;56864;Note_on_c;66
4;56879;Note_off_c;54
4;56880;Note_on_c;42
4;56939;Note_off_c;42
4;56940;Note_on_c;54
4;56946;Note_off_c;61
4;56953;Note_off_c;66
4;56982;Note_on_c;63
4;56982;Note_on_c;66
4;56985;Note_on_c;61
4;56999;Note_off_c;54
4;57000;Note_on_c;42
4;57030;Note_off_c;63
4;57033;Note_off_c;66
4;57036;Note_off_c;61
4;57052;Note_on_c;66
4;57053;Note_on_c;63
4;57054;Note_on_c;61
4;57059;Note_off_c;42
4;57060;Note_on_c;54
4;57097;Note_off_c;63
4;57119;Note_off_c;54
4;57120;Note_on_c;42
4;57122;Note_off_c;61
4;57145;Note_off_c;66
4;57179;Note_off_c;78
4;57179;Note_off_c;42
4;57180;Note_on_c;82
4;57180;Note_on_c;54
4;57182;Note_on_c;61
4;57209;Note_off_c;82
4;57229;Note_off_c;61
4;57239;Note_off_c;54
4;57240;Note_on_c;82
4;57240;Note_on_c;42
4;57242;Note_on_c;63
4;57299;Note_off_c;82
4;57299;Note_off_c;42
4;57300;Note_on_c;80
4;57300;Note_on_c;54
4;57301;Note_off_c;63
4;57324;Note_on_c;63
4;57329;Note_off_c;80
4;57359;Note_off_c;54
4;57360;Note_on_c;80
4;57360;Note_on_c;42
4;57373;Note_off_c;63
4;57373;Note_on_c;61
4;57419;Note_on_c;63
4;57419;Note_off_c;80
4;57419;Note_off_c;42
4;57420;Note_on_c;78
4;57420;Note_on_c;54
4;57436;Note_off_c;61
4;57449;Note_off_c;78
4;57479;Note_off_c;54
4;57480;Note_on_c;78
4;57480;Note_on_c;46
4;57481;Note_off_c;63
4;57481;Note_on_c;61
4;57539;Note_off_c;78
4;57539;Note_off_c;46
4;57540;Note_on_c;75
4;57540;Note_on_c;58
4;57545;Note_off_c;61
4;57569;Note_off_c;75
4;57599;Note_off_c;58
4;57600;Note_on_c;63
4;57600;Note_on_c;66
4;57600;Note_on_c;75
4;57600;Note_on_c;39
4;57629;Note_off_c;75
4;57630;Note_on_c;78
4;57659;Note_off_c;39
4;57660;Note_on_c;51
4;57719;Note_off_c;51
4;57720;Note_on_c;39
4;57779;Note_off_c;39
4;57780;Note_on_c;51
4;57805;Note_off_c;63
4;57809;Note_off_c;66
4;57827;Note_on_c;61
4;57829;Note_on_c;66
4;57839;Note_off_c;51
4;57840;Note_on_c;39
4;57894;Note_off_c;61
4;57899;Note_off_c;39
4;57900;Note_on_c;51
4;57902;Note_off_c;66
4;57935;Note_on_c;63
4;57936;Note_on_c;66
4;57959;Note_off_c;51
4;57960;Note_on_c;39
4;57994;Note_off_c;63
4;57997;Note_off_c;66
4;58003;Note_on_c;61
4;58019;Note_off_c;39
4;58020;Note_on_c;51
4;58079;Note_off_c;51
4;58080;Note_on_c;39
4;58088;Note_off_c;61
4;58139;Note_off_c;78
4;58139;Note_off_c;39
4;58140;Note_on_c;82
4;58140;Note_on_c;51
4;58169;Note_off_c;82
4;58199;Note_off_c;51
4;58200;Note_on_c;82
4;58200;Note_on_c;39
4;58259;Note_off_c;82
4;58259;Note_off_c;39
4;58260;Note_on_c;80
4;58260;Note_on_c;51
4;58289;Note_off_c;80
4;58319;Note_off_c;51
4;58320;Note_on_c;80
4;58320;Note_on_c;39
4;58379;Note_off_c;39
4;58380;Note_on_c;78
4;58380;Note_on_c;51
4;58409;Note_off_c;78
4;58409;Note_off_c;80
4;58429;Note_on_c;66
4;58439;Note_off_c;51
4;58440;Note_on_c;78
4;58440;Note_on_c;42
4;58489;Note_off_c;66
4;58496;Note_on_c;63
4;58499;Note_off_c;78
4;58499;Note_off_c;42
4;58500;Note_on_c;75
4;58500;Note_on_c;54
4;58529;Note_off_c;75
4;58547;Note_off_c;63
4;58559;Note_off_c;54
4;58560;Note_on_c;80
4;58560;Note_on_c;44
4;58563;Note_on_c;66
4;58603;Note_off_c;66
4;58619;Note_off_c;44
4;58620;Note_on_c;56
4;58622;Note_on_c;63
4;58661;Note_off_c;63
4;58679;Note_on_c;66
4;58679;Note_off_c;56
4;58680;Note_on_c;44
4;58728;Note_off_c;66
4;58738;Note_on_c;63
4;58739;Note_off_c;44
4;58740;Note_on_c;56
4;58799;Note_off_c;80
4;58799;Note_off_c;56
4;58800;Note_on_c;79
4;58800;Note_on_c;44
4;58859;Note_off_c;44
4;58860;Note_on_c;56
4;58891;Note_off_c;63
4;58909;Note_on_c;66
4;58919;Note_off_c;56
4;58920;Note_on_c;44
4;58967;Note_on_c;63
4;58968;Note_off_c;66
4;58979;Note_off_c;44
4;58980;Note_on_c;56
4;59019;Note_off_c;63
4;59036;Note_on_c;66
4;59039;Note_off_c;79
4;59039;Note_off_c;56
4;59040;Note_on_c;78
4;59040;Note_on_c;44
4;59097;Note_off_c;66
4;59097;Note_on_c;63
4;59099;Note_off_c;44
4;59100;Note_on_c;56
4;59142;Note_off_c;63
4;59154;Note_on_c;66
4;59159;Note_off_c;56
4;59160;Note_on_c;44
4;59216;Note_off_c;66
4;59219;Note_off_c;44
4;59220;Note_on_c;56
4;59221;Note_on_c;63
4;59279;Note_off_c;78
4;59279;Note_off_c;56
4;59280;Note_on_c;77
4;59280;Note_on_c;44
4;59339;Note_off_c;44
4;59340;Note_on_c;56
4;59391;Note_on_c;66
4;59398;Note_off_c;63
4;59399;Note_off_c;56
4;59400;Note_on_c;44
4;59454;Note_on_c;63
4;59459;Note_off_c;44
4;59460;Note_on_c;56
4;59464;Note_off_c;66
4;59499;Note_off_c;63
4;59511;Note_on_c;66
4;59519;Note_off_c;77
4;59519;Note_off_c;56
4;59520;Note_on_c;78
4;59520;Note_on_c;37
4;59577;Note_on_c;63
4;59579;Note_off_c;37
4;59580;Note_on_c;49
4;59585;Note_off_c;66
4;59623;Note_off_c;63
4;59625;Note_on_c;61
4;59639;Note_off_c;49
4;59640;Note_on_c;37
4;59689;Note_off_c;61
4;59695;Note_on_c;66
4;59699;Note_off_c;37
4;59700;Note_on_c;49
4;59759;Note_off_c;49
4;59760;Note_on_c;37
4;59789;Note_off_c;66
4;59813;Note_on_c;66
4;59819;Note_off_c;37
4;59820;Note_on_c;49
4;59879;Note_off_c;49
4;59880;Note_on_c;37
4;59918;Note_off_c;66
4;59938;Note_on_c;63
4;59939;Note_off_c;37
4;59940;Note_on_c;49
4;59999;Note_off_c;78
4;59999;Note_off_c;49
4;60000;Note_on_c;77
4;60000;Note_on_c;37
4;60015;Note_on_c;61
4;60026;Note_off_c;63
4;60048;Note_on_c;58
4;60058;Note_off_c;61
4;60059;Note_off_c;37
4;60060;Note_on_c;49
4;60094;Note_on_c;61
4;60097;Note_off_c;58
4;60119;Note_off_c;49
4;60120;Note_on_c;37
4;60179;Note_off_c;37
4;60180;Note_on_c;49
4;60236;Note_on_c;63
4;60237;Note_off_c;61
4;60239;Note_off_c;49
4;60240;Note_on_c;37
4;60269;Note_off_c;77
4;60293;Note_on_c;61
4;60295;Note_off_c;63
4;60299;Note_off_c;37
4;60300;Note_on_c;85
4;60300;Note_on_c;49
4;60329;Note_off_c;85
4;60340;Note_off_c;61
4;60345;Note_on_c;63
4;60359;Note_off_c;49
4;60360;Note_on_c;37
4;60419;Note_off_c;37
4;60420;Note_on_c;77
4;60420;Note_on_c;49
4;60438;Note_off_c;63
4;60449;Note_off_c;77
4;60472;Note_on_c;58
4;60477;Note_on_c;63
4;60479;Note_off_c;49
4;60685;Note_off_c;63
4;60685;Note_off_c;58
